m,channel_dimension_d,baseline,label,mechanism,channel_spectrum,physical_control,physical_parameter_name,physical_parameter_value,physical_distortion,dc_mask_response,anchored_dc_operator_gain,normalized_anchored_dc_response,physical_hs2,channel_trace,channel_hs2,raw_t2,centered_quadratic_variance,frequency_only_t2_lower_bound,analytic_uniform_t2_upper_bound,raw_t2_over_eta2_sqrt_d,growth_class
2,4,stable_matched_pair,stable matched pair,analytic stable family,stable,identity,none,0.0,0.0,1.0,0.6,1.0,10.497800593627893,1.2,0.48,5.038944284941389,2.5194721424706943,nan,7.558416427412083,6.9985337290852625,bounded
2,4,unstable_unfiltered,"unstable, unfiltered",frequency-only control,unstable,identity,none,0.0,0.0,1.0,0.6,1.0,10.497800593627893,1.2,0.72,7.558416427412083,3.7792082137060414,0.72,nan,10.497800593627893,sqrt(d)
2,4,hard_physical_cutoff,hard physical cutoff,frequency-only control,unstable,hard,cutoff,11.40175425099138,0.1506275625937209,1.0,0.6,1.0,8.916542477614808,1.2,0.72,6.419910583882661,3.2099552919413306,0.72,nan,8.916542477614808,sqrt(d)
2,4,smooth_frequency_mask,smooth frequency mask,frequency-only control,unstable,smooth,cutoff,11.365853305401767,0.15062756259372087,1.0,0.6,1.0,8.19829039248214,1.2,0.72,5.90276908258714,2.95138454129357,0.72,nan,8.19829039248214,sqrt(d)
2,4,unconstrained_frequency_decay,unconstrained decay,frequency-only control,unstable,decay,exponent,0.35486501718054664,0.15062756259372084,1.0,0.6,1.0,5.181819633884495,1.2,0.72,3.730910136396836,1.865455068198418,0.72,nan,5.181819633884495,sqrt(d)
2,4,ideal_aware_s2_gate,ideal-aware channel gate,channel S2 envelope,ideal,smooth,cutoff,11.365853305401767,0.15062756259372087,1.0,0.6,1.0,8.19829039248214,0.9567621345008163,0.48727922061357853,3.9948565528124855,1.9974282764062428,nan,8.85415362388071,5.54841187890623,bounded
3,9,stable_matched_pair,stable matched pair,analytic stable family,stable,identity,none,0.0,0.0,1.0,0.6,1.0,10.497800593627893,1.7999999999999998,0.54,5.668812320559063,2.8344061602795314,nan,7.558416427412083,5.248900296813947,bounded
3,9,unstable_unfiltered,"unstable, unfiltered",frequency-only control,unstable,identity,none,0.0,0.0,1.0,0.6,1.0,10.497800593627893,1.7999999999999998,1.08,11.337624641118126,5.668812320559063,1.08,nan,10.497800593627893,sqrt(d)
3,9,hard_physical_cutoff,hard physical cutoff,frequency-only control,unstable,hard,cutoff,11.40175425099138,0.1506275625937209,1.0,0.6,1.0,8.916542477614808,1.7999999999999998,1.08,9.629865875823993,4.814932937911997,1.08,nan,8.916542477614808,sqrt(d)
3,9,smooth_frequency_mask,smooth frequency mask,frequency-only control,unstable,smooth,cutoff,11.365853305401767,0.15062756259372087,1.0,0.6,1.0,8.19829039248214,1.7999999999999998,1.08,8.85415362388071,4.427076811940355,1.08,nan,8.19829039248214,sqrt(d)
3,9,unconstrained_frequency_decay,unconstrained decay,frequency-only control,unstable,decay,exponent,0.35486501718054664,0.15062756259372084,1.0,0.6,1.0,5.181819633884495,1.7999999999999998,1.08,5.596365204595255,2.7981826022976275,1.08,nan,5.181819633884495,sqrt(d)
3,9,ideal_aware_s2_gate,ideal-aware channel gate,channel S2 envelope,ideal,smooth,cutoff,11.365853305401767,0.15062756259372087,1.0,0.6,1.0,8.19829039248214,1.2199769370913147,0.5565612529163336,4.5628507726118,2.2814253863059,nan,8.85415362388071,4.224861826492408,bounded
4,16,stable_matched_pair,stable matched pair,analytic stable family,stable,identity,none,0.0,0.0,1.0,0.6,1.0,10.497800593627893,2.4,0.576,6.046733141929666,3.023366570964833,nan,7.558416427412083,4.199120237451157,bounded
4,16,unstable_unfiltered,"unstable, unfiltered",frequency-only control,unstable,identity,none,0.0,0.0,1.0,0.6,1.0,10.497800593627893,2.4,1.44,15.116832854824166,7.558416427412083,1.44,nan,10.497800593627893,sqrt(d)
4,16,hard_physical_cutoff,hard physical cutoff,frequency-only control,unstable,hard,cutoff,11.40175425099138,0.1506275625937209,1.0,0.6,1.0,8.916542477614808,2.4,1.44,12.839821167765322,6.419910583882661,1.44,nan,8.916542477614808,sqrt(d)
4,16,smooth_frequency_mask,smooth frequency mask,frequency-only control,unstable,smooth,cutoff,11.365853305401767,0.15062756259372087,1.0,0.6,1.0,8.19829039248214,2.4,1.44,11.80553816517428,5.90276908258714,1.44,nan,8.19829039248214,sqrt(d)
4,16,unconstrained_frequency_decay,unconstrained decay,frequency-only control,unstable,decay,exponent,0.35486501718054664,0.15062756259372084,1.0,0.6,1.0,5.181819633884495,2.4,1.44,7.461820272793672,3.730910136396836,1.44,nan,5.181819633884495,sqrt(d)
4,16,ideal_aware_s2_gate,ideal-aware channel gate,channel S2 envelope,ideal,smooth,cutoff,11.365853305401767,0.15062756259372087,1.0,0.6,1.0,8.19829039248214,1.432108971447279,0.6015612529163337,4.931773840273497,2.4658869201367484,nan,8.85415362388071,3.424842944634373,bounded
6,36,stable_matched_pair,stable matched pair,analytic stable family,stable,identity,none,0.0,0.0,1.0,0.6,1.0,10.497800593627893,3.5999999999999996,0.6171428571428572,6.4786426520675,3.23932132603375,nan,7.558416427412083,2.999371598179398,bounded
6,36,unstable_unfiltered,"unstable, unfiltered",frequency-only control,unstable,identity,none,0.0,0.0,1.0,0.6,1.0,10.497800593627893,3.5999999999999996,2.16,22.67524928223625,11.337624641118126,2.16,nan,10.497800593627893,sqrt(d)
6,36,hard_physical_cutoff,hard physical cutoff,frequency-only control,unstable,hard,cutoff,11.40175425099138,0.1506275625937209,1.0,0.6,1.0,8.916542477614808,3.5999999999999996,2.16,19.259731751647987,9.629865875823993,2.16,nan,8.916542477614808,sqrt(d)
6,36,smooth_frequency_mask,smooth frequency mask,frequency-only control,unstable,smooth,cutoff,11.365853305401767,0.15062756259372087,1.0,0.6,1.0,8.19829039248214,3.5999999999999996,2.16,17.70830724776142,8.85415362388071,2.16,nan,8.19829039248214,sqrt(d)
6,36,unconstrained_frequency_decay,unconstrained decay,frequency-only control,unstable,decay,exponent,0.35486501718054664,0.15062756259372084,1.0,0.6,1.0,5.181819633884495,3.5999999999999996,2.16,11.19273040919051,5.596365204595255,2.16,nan,5.181819633884495,sqrt(d)
6,36,ideal_aware_s2_gate,ideal-aware channel gate,channel S2 envelope,ideal,smooth,cutoff,11.365853305401767,0.15062756259372087,1.0,0.6,1.0,8.19829039248214,1.7680592832011544,0.6582555292201624,5.396569981003903,2.6982849905019517,nan,8.85415362388071,2.4984120282425475,bounded
8,64,stable_matched_pair,stable matched pair,analytic stable family,stable,identity,none,0.0,0.0,1.0,0.6,1.0,10.497800593627893,4.8,0.64,6.718592379921851,3.3592961899609257,nan,7.558416427412083,2.332844576361754,bounded
8,64,unstable_unfiltered,"unstable, unfiltered",frequency-only control,unstable,identity,none,0.0,0.0,1.0,0.6,1.0,10.497800593627893,4.8,2.88,30.23366570964833,15.116832854824166,2.88,nan,10.497800593627893,sqrt(d)
8,64,hard_physical_cutoff,hard physical cutoff,frequency-only control,unstable,hard,cutoff,11.40175425099138,0.1506275625937209,1.0,0.6,1.0,8.916542477614808,4.8,2.88,25.679642335530644,12.839821167765322,2.88,nan,8.916542477614808,sqrt(d)
8,64,smooth_frequency_mask,smooth frequency mask,frequency-only control,unstable,smooth,cutoff,11.365853305401767,0.15062756259372087,1.0,0.6,1.0,8.19829039248214,4.8,2.88,23.61107633034856,11.80553816517428,2.88,nan,8.19829039248214,sqrt(d)
8,64,unconstrained_frequency_decay,unconstrained decay,frequency-only control,unstable,decay,exponent,0.35486501718054664,0.15062756259372084,1.0,0.6,1.0,5.181819633884495,4.8,2.88,14.923640545587345,7.461820272793672,2.88,nan,5.181819633884495,sqrt(d)
8,64,ideal_aware_s2_gate,ideal-aware channel gate,channel S2 envelope,ideal,smooth,cutoff,11.365853305401767,0.15062756259372087,1.0,0.6,1.0,8.19829039248214,2.033614593634736,0.693603604694477,5.686363768557711,2.8431818842788554,nan,8.85415362388071,1.9744318640825385,bounded
12,144,stable_matched_pair,stable matched pair,analytic stable family,stable,identity,none,0.0,0.0,1.0,0.6,1.0,10.497800593627893,7.199999999999999,0.6646153846153846,6.976999779149615,3.4884998895748076,nan,7.558416427412083,1.615046245173522,bounded
12,144,unstable_unfiltered,"unstable, unfiltered",frequency-only control,unstable,identity,none,0.0,0.0,1.0,0.6,1.0,10.497800593627893,7.199999999999999,4.32,45.3504985644725,22.67524928223625,4.32,nan,10.497800593627893,sqrt(d)
12,144,hard_physical_cutoff,hard physical cutoff,frequency-only control,unstable,hard,cutoff,11.40175425099138,0.1506275625937209,1.0,0.6,1.0,8.916542477614808,7.199999999999999,4.32,38.519463503295974,19.259731751647987,4.32,nan,8.916542477614808,sqrt(d)
12,144,smooth_frequency_mask,smooth frequency mask,frequency-only control,unstable,smooth,cutoff,11.365853305401767,0.15062756259372087,1.0,0.6,1.0,8.19829039248214,7.199999999999999,4.32,35.41661449552284,17.70830724776142,4.32,nan,8.19829039248214,sqrt(d)
12,144,unconstrained_frequency_decay,unconstrained decay,frequency-only control,unstable,decay,exponent,0.35486501718054664,0.15062756259372084,1.0,0.6,1.0,5.181819633884495,7.199999999999999,4.32,22.38546081838102,11.19273040919051,4.32,nan,5.181819633884495,sqrt(d)
12,144,ideal_aware_s2_gate,ideal-aware channel gate,channel S2 envelope,ideal,smooth,cutoff,11.365853305401767,0.15062756259372087,1.0,0.6,1.0,8.19829039248214,2.4481779136309085,0.7368490356466241,6.040902369651447,3.0204511848257236,nan,8.85415362388071,1.398357030011909,bounded
16,256,stable_matched_pair,stable matched pair,analytic stable family,stable,identity,none,0.0,0.0,1.0,0.6,1.0,10.497800593627893,9.6,0.6776470588235294,7.113803696387842,3.556901848193921,nan,7.558416427412083,1.2350353639562226,bounded
16,256,unstable_unfiltered,"unstable, unfiltered",frequency-only control,unstable,identity,none,0.0,0.0,1.0,0.6,1.0,10.497800593627893,9.6,5.76,60.46733141929666,30.23366570964833,5.76,nan,10.497800593627893,sqrt(d)
16,256,hard_physical_cutoff,hard physical cutoff,frequency-only control,unstable,hard,cutoff,11.40175425099138,0.1506275625937209,1.0,0.6,1.0,8.916542477614808,9.6,5.76,51.35928467106129,25.679642335530644,5.76,nan,8.916542477614808,sqrt(d)
16,256,smooth_frequency_mask,smooth frequency mask,frequency-only control,unstable,smooth,cutoff,11.365853305401767,0.15062756259372087,1.0,0.6,1.0,8.19829039248214,9.6,5.76,47.22215266069712,23.61107633034856,5.76,nan,8.19829039248214,sqrt(d)
16,256,unconstrained_frequency_decay,unconstrained decay,frequency-only control,unstable,decay,exponent,0.35486501718054664,0.15062756259372084,1.0,0.6,1.0,5.181819633884495,9.6,5.76,29.84728109117469,14.923640545587345,5.76,nan,5.181819633884495,sqrt(d)
16,256,ideal_aware_s2_gate,ideal-aware channel gate,channel S2 envelope,ideal,smooth,cutoff,11.365853305401767,0.15062756259372087,1.0,0.6,1.0,8.19829039248214,2.772435890722524,0.763223705190873,6.257129569580955,3.1285647847904774,nan,8.85415362388071,1.086307216941138,bounded
24,576,stable_matched_pair,stable matched pair,analytic stable family,stable,identity,none,0.0,0.0,1.0,0.6,1.0,10.497800593627893,14.399999999999999,0.6912,7.2560797703156,3.6280398851578,nan,7.558416427412083,0.8398240474902314,bounded
24,576,unstable_unfiltered,"unstable, unfiltered",frequency-only control,unstable,identity,none,0.0,0.0,1.0,0.6,1.0,10.497800593627893,14.399999999999999,8.64,90.700997128945,45.3504985644725,8.64,nan,10.497800593627893,sqrt(d)
24,576,hard_physical_cutoff,hard physical cutoff,frequency-only control,unstable,hard,cutoff,11.40175425099138,0.1506275625937209,1.0,0.6,1.0,8.916542477614808,14.399999999999999,8.64,77.03892700659195,38.519463503295974,8.64,nan,8.916542477614808,sqrt(d)
24,576,smooth_frequency_mask,smooth frequency mask,frequency-only control,unstable,smooth,cutoff,11.365853305401767,0.15062756259372087,1.0,0.6,1.0,8.19829039248214,14.399999999999999,8.64,70.83322899104569,35.41661449552284,8.64,nan,8.19829039248214,sqrt(d)
24,576,unconstrained_frequency_decay,unconstrained decay,frequency-only control,unstable,decay,exponent,0.35486501718054664,0.15062756259372084,1.0,0.6,1.0,5.181819633884495,14.399999999999999,8.64,44.77092163676204,22.38546081838102,8.64,nan,5.181819633884495,sqrt(d)
24,576,ideal_aware_s2_gate,ideal-aware channel gate,channel S2 envelope,ideal,smooth,cutoff,11.365853305401767,0.15062756259372087,1.0,0.6,1.0,8.19829039248214,3.2748249512297725,0.7950007288836138,6.517646837622829,3.2588234188114145,nan,8.85415362388071,0.7543572728730126,bounded
32,1024,stable_matched_pair,stable matched pair,analytic stable family,stable,identity,none,0.0,0.0,1.0,0.6,1.0,10.497800593627893,19.2,0.6981818181818181,7.3293735053692926,3.6646867526846463,nan,7.558416427412083,0.6362303390077512,bounded
32,1024,unstable_unfiltered,"unstable, unfiltered",frequency-only control,unstable,identity,none,0.0,0.0,1.0,0.6,1.0,10.497800593627893,19.2,11.52,120.93466283859333,60.46733141929666,11.52,nan,10.497800593627893,sqrt(d)
32,1024,hard_physical_cutoff,hard physical cutoff,frequency-only control,unstable,hard,cutoff,11.40175425099138,0.1506275625937209,1.0,0.6,1.0,8.916542477614808,19.2,11.52,102.71856934212258,51.35928467106129,11.52,nan,8.916542477614808,sqrt(d)
32,1024,smooth_frequency_mask,smooth frequency mask,frequency-only control,unstable,smooth,cutoff,11.365853305401767,0.15062756259372087,1.0,0.6,1.0,8.19829039248214,19.2,11.52,94.44430532139424,47.22215266069712,11.52,nan,8.19829039248214,sqrt(d)
32,1024,unconstrained_frequency_decay,unconstrained decay,frequency-only control,unstable,decay,exponent,0.35486501718054664,0.15062756259372084,1.0,0.6,1.0,5.181819633884495,19.2,11.52,59.69456218234938,29.84728109117469,11.52,nan,5.181819633884495,sqrt(d)
32,1024,ideal_aware_s2_gate,ideal-aware channel gate,channel S2 envelope,ideal,smooth,cutoff,11.365853305401767,0.15062756259372087,1.0,0.6,1.0,8.19829039248214,3.66563345994133,0.8141625064228422,6.674740654325565,3.3373703271627826,nan,8.85415362388071,0.5794045706879831,bounded
48,2304,stable_matched_pair,stable matched pair,analytic stable family,stable,identity,none,0.0,0.0,1.0,0.6,1.0,10.497800593627893,28.799999999999997,0.7053061224489796,7.404163030934286,3.702081515467143,nan,7.558416427412083,0.4284816568827711,bounded
48,2304,unstable_unfiltered,"unstable, unfiltered",frequency-only control,unstable,identity,none,0.0,0.0,1.0,0.6,1.0,10.497800593627893,28.799999999999997,17.28,181.40199425789,90.700997128945,17.28,nan,10.497800593627893,sqrt(d)
48,2304,hard_physical_cutoff,hard physical cutoff,frequency-only control,unstable,hard,cutoff,11.40175425099138,0.1506275625937209,1.0,0.6,1.0,8.916542477614808,28.799999999999997,17.28,154.0778540131839,77.03892700659195,17.28,nan,8.916542477614808,sqrt(d)
48,2304,smooth_frequency_mask,smooth frequency mask,frequency-only control,unstable,smooth,cutoff,11.365853305401767,0.15062756259372087,1.0,0.6,1.0,8.19829039248214,28.799999999999997,17.28,141.66645798209137,70.83322899104569,17.28,nan,8.19829039248214,sqrt(d)
48,2304,unconstrained_frequency_decay,unconstrained decay,frequency-only control,unstable,decay,exponent,0.35486501718054664,0.15062756259372084,1.0,0.6,1.0,5.181819633884495,28.799999999999997,17.28,89.54184327352408,44.77092163676204,17.28,nan,5.181819633884495,sqrt(d)
48,2304,ideal_aware_s2_gate,ideal-aware channel gate,channel S2 envelope,ideal,smooth,cutoff,11.365853305401767,0.15062756259372087,1.0,0.6,1.0,8.19829039248214,4.268792115706926,0.8370705240352879,6.862547235028491,3.4312736175142455,nan,8.85415362388071,0.3971381501752599,bounded
64,4096,stable_matched_pair,stable matched pair,analytic stable family,stable,identity,none,0.0,0.0,1.0,0.6,1.0,10.497800593627893,38.4,0.7089230769230769,7.442133097759589,3.7210665488797945,nan,7.558416427412083,0.3230092490347044,bounded
64,4096,unstable_unfiltered,"unstable, unfiltered",frequency-only control,unstable,identity,none,0.0,0.0,1.0,0.6,1.0,10.497800593627893,38.4,23.04,241.86932567718665,120.93466283859333,23.04,nan,10.497800593627893,sqrt(d)
64,4096,hard_physical_cutoff,hard physical cutoff,frequency-only control,unstable,hard,cutoff,11.40175425099138,0.1506275625937209,1.0,0.6,1.0,8.916542477614808,38.4,23.04,205.43713868424516,102.71856934212258,23.04,nan,8.916542477614808,sqrt(d)
64,4096,smooth_frequency_mask,smooth frequency mask,frequency-only control,unstable,smooth,cutoff,11.365853305401767,0.15062756259372087,1.0,0.6,1.0,8.19829039248214,38.4,23.04,188.88861064278848,94.44430532139424,23.04,nan,8.19829039248214,sqrt(d)
64,4096,unconstrained_frequency_decay,unconstrained decay,frequency-only control,unstable,decay,exponent,0.35486501718054664,0.15062756259372084,1.0,0.6,1.0,5.181819633884495,38.4,23.04,119.38912436469876,59.69456218234938,23.04,nan,5.181819633884495,sqrt(d)
64,4096,ideal_aware_s2_gate,ideal-aware channel gate,channel S2 envelope,ideal,smooth,cutoff,11.365853305401767,0.15062756259372087,1.0,0.6,1.0,8.19829039248214,4.736686224854272,0.8508053147846474,6.9751490380717165,3.4875745190358582,nan,8.85415362388071,0.30274084366630716,bounded
96,9216,stable_matched_pair,stable matched pair,analytic stable family,stable,identity,none,0.0,0.0,1.0,0.6,1.0,10.497800593627893,57.599999999999994,0.7125773195876289,7.480494608572784,3.740247304286392,nan,7.558416427412083,0.21644949677583286,bounded
96,9216,unstable_unfiltered,"unstable, unfiltered",frequency-only control,unstable,identity,none,0.0,0.0,1.0,0.6,1.0,10.497800593627893,57.599999999999994,34.56,362.80398851578,181.40199425789,34.56,nan,10.497800593627893,sqrt(d)
96,9216,hard_physical_cutoff,hard physical cutoff,frequency-only control,unstable,hard,cutoff,11.40175425099138,0.1506275625937209,1.0,0.6,1.0,8.916542477614808,57.599999999999994,34.56,308.1557080263678,154.0778540131839,34.56,nan,8.916542477614808,sqrt(d)
96,9216,smooth_frequency_mask,smooth frequency mask,frequency-only control,unstable,smooth,cutoff,11.365853305401767,0.15062756259372087,1.0,0.6,1.0,8.19829039248214,57.599999999999994,34.56,283.33291596418275,141.66645798209137,34.56,nan,8.19829039248214,sqrt(d)
96,9216,unconstrained_frequency_decay,unconstrained decay,frequency-only control,unstable,decay,exponent,0.35486501718054664,0.15062756259372084,1.0,0.6,1.0,5.181819633884495,57.599999999999994,34.56,179.08368654704816,89.54184327352408,34.56,nan,5.181819633884495,sqrt(d)
96,9216,ideal_aware_s2_gate,ideal-aware channel gate,channel S2 envelope,ideal,smooth,cutoff,11.365853305401767,0.15062756259372087,1.0,0.6,1.0,8.19829039248214,5.457403794230029,0.8671613012873567,7.1092401650764465,3.5546200825382233,nan,8.85415362388071,0.20570718070244345,bounded
128,16384,stable_matched_pair,stable matched pair,analytic stable family,stable,identity,none,0.0,0.0,1.0,0.6,1.0,10.497800593627893,76.8,0.7144186046511628,7.499824052005788,3.749912026002894,nan,7.558416427412083,0.16275659835082007,bounded
128,16384,unstable_unfiltered,"unstable, unfiltered",frequency-only control,unstable,identity,none,0.0,0.0,1.0,0.6,1.0,10.497800593627893,76.8,46.08,483.7386513543733,241.86932567718665,46.08,nan,10.497800593627893,sqrt(d)
128,16384,hard_physical_cutoff,hard physical cutoff,frequency-only control,unstable,hard,cutoff,11.40175425099138,0.1506275625937209,1.0,0.6,1.0,8.916542477614808,76.8,46.08,410.8742773684903,205.43713868424516,46.08,nan,8.916542477614808,sqrt(d)
128,16384,smooth_frequency_mask,smooth frequency mask,frequency-only control,unstable,smooth,cutoff,11.365853305401767,0.15062756259372087,1.0,0.6,1.0,8.19829039248214,76.8,46.08,377.77722128557696,188.88861064278848,46.08,nan,8.19829039248214,sqrt(d)
128,16384,unconstrained_frequency_decay,unconstrained decay,frequency-only control,unstable,decay,exponent,0.35486501718054664,0.15062756259372084,1.0,0.6,1.0,5.181819633884495,76.8,46.08,238.77824872939752,119.38912436469876,46.08,nan,5.181819633884495,sqrt(d)
128,16384,ideal_aware_s2_gate,ideal-aware channel gate,channel S2 envelope,ideal,smooth,cutoff,11.365853305401767,0.15062756259372087,1.0,0.6,1.0,8.19829039248214,6.015710059562602,0.8769395685701802,7.189405239796341,3.5947026198981704,nan,8.85415362388071,0.15602007898863587,bounded
192,36864,stable_matched_pair,stable matched pair,analytic stable family,stable,identity,none,0.0,0.0,1.0,0.6,1.0,10.497800593627893,115.19999999999999,0.7162694300518135,7.519253647995441,3.7596268239977206,nan,7.558416427412083,0.10878549837956367,bounded
192,36864,unstable_unfiltered,"unstable, unfiltered",frequency-only control,unstable,identity,none,0.0,0.0,1.0,0.6,1.0,10.497800593627893,115.19999999999999,69.12,725.60797703156,362.80398851578,69.12,nan,10.497800593627893,sqrt(d)
192,36864,hard_physical_cutoff,hard physical cutoff,frequency-only control,unstable,hard,cutoff,11.40175425099138,0.1506275625937209,1.0,0.6,1.0,8.916542477614808,115.19999999999999,69.12,616.3114160527356,308.1557080263678,69.12,nan,8.916542477614808,sqrt(d)
192,36864,smooth_frequency_mask,smooth frequency mask,frequency-only control,unstable,smooth,cutoff,11.365853305401767,0.15062756259372087,1.0,0.6,1.0,8.19829039248214,115.19999999999999,69.12,566.6658319283655,283.33291596418275,69.12,nan,8.19829039248214,sqrt(d)
192,36864,unconstrained_frequency_decay,unconstrained decay,frequency-only control,unstable,decay,exponent,0.35486501718054664,0.15062756259372084,1.0,0.6,1.0,5.181819633884495,115.19999999999999,69.12,358.1673730940963,179.08368654704816,69.12,nan,5.181819633884495,sqrt(d)
192,36864,ideal_aware_s2_gate,ideal-aware channel gate,channel S2 envelope,ideal,smooth,cutoff,11.365853305401767,0.15062756259372087,1.0,0.6,1.0,8.19829039248214,6.874847908949783,0.8885611714380688,7.284682514933395,3.6423412574666973,nan,8.85415362388071,0.10539181879243915,bounded
256,65536,stable_matched_pair,stable matched pair,analytic stable family,stable,identity,none,0.0,0.0,1.0,0.6,1.0,10.497800593627893,153.6,0.7171984435797665,7.529006246760674,3.764503123380337,nan,7.558416427412083,0.08169494625391356,bounded
256,65536,unstable_unfiltered,"unstable, unfiltered",frequency-only control,unstable,identity,none,0.0,0.0,1.0,0.6,1.0,10.497800593627893,153.6,92.16,967.4773027087466,483.7386513543733,92.16,nan,10.497800593627893,sqrt(d)
256,65536,hard_physical_cutoff,hard physical cutoff,frequency-only control,unstable,hard,cutoff,11.40175425099138,0.1506275625937209,1.0,0.6,1.0,8.916542477614808,153.6,92.16,821.7485547369806,410.8742773684903,92.16,nan,8.916542477614808,sqrt(d)
256,65536,smooth_frequency_mask,smooth frequency mask,frequency-only control,unstable,smooth,cutoff,11.365853305401767,0.15062756259372087,1.0,0.6,1.0,8.19829039248214,153.6,92.16,755.5544425711539,377.77722128557696,92.16,nan,8.19829039248214,sqrt(d)
256,65536,unconstrained_frequency_decay,unconstrained decay,frequency-only control,unstable,decay,exponent,0.35486501718054664,0.15062756259372084,1.0,0.6,1.0,5.181819633884495,153.6,92.16,477.55649745879504,238.77824872939752,92.16,nan,5.181819633884495,sqrt(d)
256,65536,ideal_aware_s2_gate,ideal-aware channel gate,channel S2 envelope,ideal,smooth,cutoff,11.365853305401767,0.15062756259372087,1.0,0.6,1.0,8.19829039248214,7.5399139790173075,0.8954990279240269,7.341561077106645,3.6707805385533225,nan,8.85415362388071,0.07966103599291065,bounded
384,147456,stable_matched_pair,stable matched pair,analytic stable family,stable,identity,none,0.0,0.0,1.0,0.6,1.0,10.497800593627893,230.39999999999998,0.7181298701298702,7.538784176951273,3.7693920884756364,nan,7.558416427412083,0.054534029057807236,bounded
384,147456,unstable_unfiltered,"unstable, unfiltered",frequency-only control,unstable,identity,none,0.0,0.0,1.0,0.6,1.0,10.497800593627893,230.39999999999998,138.24,1451.21595406312,725.60797703156,138.24,nan,10.497800593627893,sqrt(d)
384,147456,hard_physical_cutoff,hard physical cutoff,frequency-only control,unstable,hard,cutoff,11.40175425099138,0.1506275625937209,1.0,0.6,1.0,8.916542477614808,230.39999999999998,138.24,1232.6228321054712,616.3114160527356,138.24,nan,8.916542477614808,sqrt(d)
384,147456,smooth_frequency_mask,smooth frequency mask,frequency-only control,unstable,smooth,cutoff,11.365853305401767,0.15062756259372087,1.0,0.6,1.0,8.19829039248214,230.39999999999998,138.24,1133.331663856731,566.6658319283655,138.24,nan,8.19829039248214,sqrt(d)
384,147456,unconstrained_frequency_decay,unconstrained decay,frequency-only control,unstable,decay,exponent,0.35486501718054664,0.15062756259372084,1.0,0.6,1.0,5.181819633884495,230.39999999999998,138.24,716.3347461881926,358.1673730940963,138.24,nan,5.181819633884495,sqrt(d)
384,147456,ideal_aware_s2_gate,ideal-aware channel gate,channel S2 envelope,ideal,smooth,cutoff,11.365853305401767,0.15062756259372087,1.0,0.6,1.0,8.19829039248214,8.562832452180563,0.9037366846098764,7.409095778770811,3.7045478893854056,nan,8.85415362388071,0.053595889603376815,bounded
512,262144,stable_matched_pair,stable matched pair,analytic stable family,stable,identity,none,0.0,0.0,1.0,0.6,1.0,10.497800593627893,307.2,0.7185964912280701,7.543682672192956,3.771841336096478,nan,7.558416427412083,0.04092709783090796,bounded
512,262144,unstable_unfiltered,"unstable, unfiltered",frequency-only control,unstable,identity,none,0.0,0.0,1.0,0.6,1.0,10.497800593627893,307.2,184.32,1934.9546054174932,967.4773027087466,184.32,nan,10.497800593627893,sqrt(d)
512,262144,hard_physical_cutoff,hard physical cutoff,frequency-only control,unstable,hard,cutoff,11.40175425099138,0.1506275625937209,1.0,0.6,1.0,8.916542477614808,307.2,184.32,1643.4971094739612,821.7485547369806,184.32,nan,8.916542477614808,sqrt(d)
512,262144,smooth_frequency_mask,smooth frequency mask,frequency-only control,unstable,smooth,cutoff,11.365853305401767,0.15062756259372087,1.0,0.6,1.0,8.19829039248214,307.2,184.32,1511.1088851423078,755.5544425711539,184.32,nan,8.19829039248214,sqrt(d)
512,262144,unconstrained_frequency_decay,unconstrained decay,frequency-only control,unstable,decay,exponent,0.35486501718054664,0.15062756259372084,1.0,0.6,1.0,5.181819633884495,307.2,184.32,955.1129949175901,477.55649745879504,184.32,nan,5.181819633884495,sqrt(d)
512,262144,ideal_aware_s2_gate,ideal-aware channel gate,channel S2 envelope,ideal,smooth,cutoff,11.365853305401767,0.15062756259372087,1.0,0.6,1.0,8.19829039248214,9.354403595565215,0.9086508498011876,7.4493835320458075,3.7246917660229037,nan,8.85415362388071,0.04041549225285269,bounded
768,589824,stable_matched_pair,stable matched pair,analytic stable family,stable,identity,none,0.0,0.0,1.0,0.6,1.0,10.497800593627893,460.79999999999995,0.7190637191157347,7.548587537389441,3.7742937686947204,nan,7.558416427412083,0.027302472285118055,bounded
768,589824,unstable_unfiltered,"unstable, unfiltered",frequency-only control,unstable,identity,none,0.0,0.0,1.0,0.6,1.0,10.497800593627893,460.79999999999995,276.48,2902.43190812624,1451.21595406312,276.48,nan,10.497800593627893,sqrt(d)
768,589824,hard_physical_cutoff,hard physical cutoff,frequency-only control,unstable,hard,cutoff,11.40175425099138,0.1506275625937209,1.0,0.6,1.0,8.916542477614808,460.79999999999995,276.48,2465.2456642109423,1232.6228321054712,276.48,nan,8.916542477614808,sqrt(d)
768,589824,smooth_frequency_mask,smooth frequency mask,frequency-only control,unstable,smooth,cutoff,11.365853305401767,0.15062756259372087,1.0,0.6,1.0,8.19829039248214,460.79999999999995,276.48,2266.663327713462,1133.331663856731,276.48,nan,8.19829039248214,sqrt(d)
768,589824,unconstrained_frequency_decay,unconstrained decay,frequency-only control,unstable,decay,exponent,0.35486501718054664,0.15062756259372084,1.0,0.6,1.0,5.181819633884495,460.79999999999995,276.48,1432.6694923763853,716.3347461881926,276.48,nan,5.181819633884495,sqrt(d)
768,589824,ideal_aware_s2_gate,ideal-aware channel gate,channel S2 envelope,ideal,smooth,cutoff,11.365853305401767,0.15062756259372087,1.0,0.6,1.0,8.19829039248214,10.571595323127148,0.9144828179395564,7.497195700403859,3.7485978502019295,nan,8.85415362388071,0.027116593245094973,bounded
1024,1048576,stable_matched_pair,stable matched pair,analytic stable family,stable,identity,none,0.0,0.0,1.0,0.6,1.0,10.497800593627893,614.4,0.7192975609756097,7.551042362604852,3.775521181302426,nan,7.558416427412083,0.02048351335342028,bounded
1024,1048576,unstable_unfiltered,"unstable, unfiltered",frequency-only control,unstable,identity,none,0.0,0.0,1.0,0.6,1.0,10.497800593627893,614.4,368.64,3869.9092108349864,1934.9546054174932,368.64,nan,10.497800593627893,sqrt(d)
1024,1048576,hard_physical_cutoff,hard physical cutoff,frequency-only control,unstable,hard,cutoff,11.40175425099138,0.1506275625937209,1.0,0.6,1.0,8.916542477614808,614.4,368.64,3286.9942189479225,1643.4971094739612,368.64,nan,8.916542477614808,sqrt(d)
1024,1048576,smooth_frequency_mask,smooth frequency mask,frequency-only control,unstable,smooth,cutoff,11.365853305401767,0.15062756259372087,1.0,0.6,1.0,8.19829039248214,614.4,368.64,3022.2177702846157,1511.1088851423078,368.64,nan,8.19829039248214,sqrt(d)
1024,1048576,unconstrained_frequency_decay,unconstrained decay,frequency-only control,unstable,decay,exponent,0.35486501718054664,0.15062756259372084,1.0,0.6,1.0,5.181819633884495,614.4,368.64,1910.2259898351801,955.1129949175901,368.64,nan,5.181819633884495,sqrt(d)
1024,1048576,ideal_aware_s2_gate,ideal-aware channel gate,channel S2 envelope,ideal,smooth,cutoff,11.365853305401767,0.15062756259372087,1.0,0.6,1.0,8.19829039248214,11.513336045828126,0.9179606173497339,7.525707709895297,3.7628538549476485,nan,8.85415362388071,0.020414788709568407,bounded
