m,channel_dimension_d,eta,stable_tail_eigenvalue,matched_coordinate_diagonal,matched_trace_closed,stable_trace_spectrum,unstable_trace_spectrum,stable_operator_norm,unstable_operator_norm,stable_hs2_closed,stable_hs2_spectrum,unstable_hs2_closed,unstable_hs2_spectrum,unstable_to_stable_hs2_ratio,stable_centered_quadratic_variance,unstable_centered_quadratic_variance,stable_ordinary_kl,unstable_ordinary_kl,stable_det2_renormalized_residue,unstable_det2_renormalized_residue,stable_det2_identity_error,unstable_det2_identity_error,common_spatial_hs2,matched_physical_distortion,hard_cutoff,smooth_cutoff,unconstrained_decay_exponent,hard_spatial_hs2,smooth_spatial_hs2,decay_spatial_hs2,stable_factorized_hs2,unstable_factorized_hs2,stable_smooth_factorized_hs2,unstable_smooth_factorized_hs2,ideal_channel_hs2,ideal_smooth_factorized_hs2,smooth_hs2_ratio
2,4,0.6,0.19999999999999998,0.3,1.2,1.2,1.2,0.6,0.6,0.48,0.48,0.72,0.72,1.5,0.24,0.36,0.09151585018620034,0.12999637075426446,0.09151585018620027,0.12999637075426446,6.938893903907228e-17,0.0,10.497800593627893,0.1506275625937209,11.40175425099138,11.365853305401767,0.35486501718054664,8.916542477614808,8.19829039248214,5.181819633884495,5.038944284941389,7.558416427412083,3.935179388391427,5.90276908258714,0.48727922061357853,3.9948565528124855,1.5
3,9,0.6,0.15,0.19999999999999998,1.7999999999999998,1.7999999999999998,1.7999999999999998,0.6,0.6,0.54,0.54,1.08,1.0799999999999998,2.0,0.27,0.54,0.10595041587649745,0.1949945561313966,0.10595041587649748,0.19499455613139668,2.7755575615628914e-17,8.326672684688674e-17,10.497800593627893,0.1506275625937209,11.40175425099138,11.365853305401767,0.35486501718054664,8.916542477614808,8.19829039248214,5.181819633884495,5.668812320559063,11.337624641118126,4.427076811940355,8.85415362388071,0.5565612529163336,4.5628507726118,2.0
4,16,0.6,0.12,0.15,2.4,2.4,2.4,0.6,0.6,0.576,0.576,1.44,1.44,2.5,0.288,0.72,0.11503304557460847,0.2599927415085289,0.11503304557460842,0.2599927415085289,5.551115123125783e-17,0.0,10.497800593627893,0.1506275625937209,11.40175425099138,11.365853305401767,0.35486501718054664,8.916542477614808,8.19829039248214,5.181819633884495,6.046733141929666,15.116832854824166,4.722215266069712,11.80553816517428,0.6015612529163337,4.931773840273497,2.5
6,36,0.6,0.08571428571428572,0.09999999999999999,3.5999999999999996,3.6,3.5999999999999996,0.6,0.6,0.6171428571428571,0.6171428571428571,2.16,2.1599999999999997,3.5,0.30857142857142855,1.08,0.12583146623012054,0.3899891122627932,0.12583146623012065,0.38998911226279337,1.1102230246251565e-16,1.6653345369377348e-16,10.497800593627893,0.1506275625937209,11.40175425099138,11.365853305401767,0.35486501718054664,8.916542477614808,8.19829039248214,5.181819633884495,6.478642652067499,22.67524928223625,5.059516356503263,17.70830724776142,0.6582555292201624,5.396569981003903,3.5
8,64,0.6,0.06666666666666667,0.075,4.8,4.8,4.8,0.6,0.6,0.6399999999999999,0.64,2.88,2.88,4.5,0.31999999999999995,1.44,0.13203476954364035,0.5199854830170578,0.13203476954364052,0.5199854830170578,1.6653345369377348e-16,0.0,10.497800593627893,0.1506275625937209,11.40175425099138,11.365853305401767,0.35486501718054664,8.916542477614808,8.19829039248214,5.181819633884495,6.7185923799218505,30.23366570964833,5.2469058511885684,23.61107633034856,0.693603604694477,5.686363768557711,4.5
12,144,0.6,0.04615384615384615,0.049999999999999996,7.199999999999999,7.199999999999999,7.199999999999999,0.6,0.6,0.6646153846153846,0.6646153846153846,4.32,4.319999999999999,6.5,0.3323076923076923,2.16,0.13888706282355656,0.7799782245255864,0.13888706282355656,0.7799782245255867,0.0,3.3306690738754696e-16,10.497800593627893,0.1506275625937209,11.40175425099138,11.365853305401767,0.35486501718054664,8.916542477614808,8.19829039248214,5.181819633884495,6.976999779149615,45.3504985644725,5.4487099223881295,35.41661449552284,0.7368490356466241,6.040902369651447,6.5
16,256,0.6,0.03529411764705882,0.0375,9.6,9.6,9.6,0.6,0.6,0.6776470588235294,0.6776470588235294,5.76,5.76,8.5,0.3388235294117647,2.88,0.14258954192115514,1.0399709660341157,0.1425895419211548,1.0399709660341157,3.3306690738754696e-16,0.0,10.497800593627893,0.1506275625937209,11.40175425099138,11.365853305401767,0.35486501718054664,8.916542477614808,8.19829039248214,5.181819633884495,7.113803696387842,60.46733141929666,5.55554737184672,47.22215266069712,0.763223705190873,6.257129569580955,8.5
24,576,0.6,0.024,0.024999999999999998,14.399999999999999,14.4,14.399999999999999,0.6,0.6,0.6911999999999999,0.6912,8.64,8.639999999999999,12.5,0.34559999999999996,4.32,0.14649678289876977,1.5599564490511728,0.14649678289876983,1.5599564490511735,5.551115123125783e-17,6.661338147750939e-16,10.497800593627893,0.1506275625937209,11.40175425099138,11.365853305401767,0.35486501718054664,8.916542477614808,8.19829039248214,5.181819633884495,7.2560797703155995,90.700997128945,5.666658319283654,70.83322899104569,0.7950007288836138,6.517646837622829,12.5
32,1024,0.6,0.01818181818181818,0.01875,19.2,19.2,19.2,0.6,0.6,0.6981818181818181,0.6981818181818181,11.52,11.52,16.5,0.34909090909090906,5.76,0.14853262075717488,2.0799419320682313,0.14853262075717477,2.0799419320682313,1.1102230246251565e-16,0.0,10.497800593627893,0.1506275625937209,11.40175425099138,11.365853305401767,0.35486501718054664,8.916542477614808,8.19829039248214,5.181819633884495,7.3293735053692926,120.93466283859333,5.723897292205711,94.44430532139424,0.8141625064228422,6.674740654325565,16.5
48,2304,0.6,0.012244897959183673,0.012499999999999999,28.799999999999997,28.8,28.799999999999997,0.6,0.6,0.7053061224489795,0.7053061224489796,17.28,17.279999999999998,24.5,0.35265306122448975,8.64,0.15062641865328352,3.1199128981023456,0.15062641865328147,3.119912898102347,2.0539125955565396e-15,1.3322676295501878e-15,10.497800593627893,0.1506275625937209,11.40175425099138,11.365853305401767,0.35486501718054664,8.916542477614808,8.19829039248214,5.181819633884495,7.404163030934285,181.40199425789,5.7823044074323,141.66645798209137,0.8370705240352879,6.862547235028491,24.5
64,4096,0.6,0.00923076923076923,0.009375,38.4,38.4,38.4,0.6,0.6,0.708923076923077,0.7089230769230769,23.04,23.04,32.5,0.3544615384615385,11.52,0.15169583898034134,4.159883864136463,0.15169583898034092,4.159883864136463,4.163336342344337e-16,0.0,10.497800593627893,0.1506275625937209,11.40175425099138,11.365853305401767,0.35486501718054664,8.916542477614808,8.19829039248214,5.181819633884495,7.44213309775959,241.86932567718665,5.811957250547339,188.88861064278848,0.8508053147846474,6.9751490380717165,32.5
96,9216,0.6,0.006185567010309278,0.0062499999999999995,57.599999999999994,57.6,57.599999999999994,0.6,0.6,0.7125773195876288,0.7125773195876288,34.56,34.559999999999995,48.5,0.3562886597938144,17.28,0.15278071145534255,6.239825796204691,0.15278071145534267,6.239825796204694,1.1102230246251565e-16,2.6645352591003757e-15,10.497800593627893,0.1506275625937209,11.40175425099138,11.365853305401767,0.35486501718054664,8.916542477614808,8.19829039248214,5.181819633884495,7.480494608572783,362.80398851578,5.841915793075932,283.33291596418275,0.8671613012873567,7.1092401650764465,48.5
128,16384,0.6,0.004651162790697674,0.0046875,76.8,76.8,76.8,0.6,0.6,0.7144186046511628,0.7144186046511628,46.08,46.08,64.5,0.3572093023255814,23.04,0.15332904828932215,8.319767728272925,0.15332904828932276,8.319767728272925,6.106226635438361e-16,0.0,10.497800593627893,0.1506275625937209,11.40175425099138,11.365853305401767,0.35486501718054664,8.916542477614808,8.19829039248214,5.181819633884495,7.499824052005788,483.7386513543733,5.857011182722124,377.77722128557696,0.8769395685701802,7.189405239796341,64.5
192,36864,0.6,0.0031088082901554403,0.0031249999999999997,115.19999999999999,115.19999999999999,115.19999999999999,0.6,0.6,0.7162694300518134,0.7162694300518134,69.12,69.11999999999999,96.5,0.3581347150259067,34.56,0.153881376666952,12.479651592409382,0.15388137666695584,12.479651592409388,3.83026943495679e-15,5.329070518200751e-15,10.497800593627893,0.1506275625937209,11.40175425099138,11.365853305401767,0.35486501718054664,8.916542477614808,8.19829039248214,5.181819633884495,7.5192536479954395,725.60797703156,5.87218478682244,566.6658319283655,0.8885611714380688,7.284682514933395,96.5
256,65536,0.6,0.0023346303501945525,0.00234375,153.6,153.6,153.6,0.6,0.6,0.7171984435797665,0.7171984435797665,92.16,92.16,128.5,0.35859922178988324,46.08,0.15415905146090836,16.63953545654585,0.15415905146090816,16.63953545654585,1.942890293094024e-16,0.0,10.497800593627893,0.1506275625937209,11.40175425099138,11.365853305401767,0.35486501718054664,8.916542477614808,8.19829039248214,5.181819633884495,7.529006246760674,967.4773027087466,5.879801109503143,755.5544425711539,0.8954990279240269,7.341561077106645,128.5
384,147456,0.6,0.0015584415584415584,0.0015624999999999999,230.39999999999998,230.4,230.39999999999998,0.6,0.6,0.7181298701298701,0.7181298701298702,138.24,138.23999999999998,192.5,0.35906493506493503,69.12,0.15443774075428962,24.959303184818765,0.1544377407542768,24.959303184818776,1.2823075934420558e-14,1.0658141036401503e-14,10.497800593627893,0.1506275625937209,11.40175425099138,11.365853305401767,0.35486501718054664,8.916542477614808,8.19829039248214,5.181819633884495,7.538784176951272,1451.21595406312,5.88743721484016,1133.331663856731,0.9037366846098764,7.409095778770811,192.5
512,262144,0.6,0.0011695906432748538,0.001171875,307.2,307.20000000000005,307.2,0.6,0.6,0.7185964912280701,0.7185964912280702,184.32,184.32,256.5,0.35929824561403506,92.16,0.15457746759412316,33.2790709130917,0.15457746759410326,33.2790709130917,1.990074771640593e-14,0.0,10.497800593627893,0.1506275625937209,11.40175425099138,11.365853305401767,0.35486501718054664,8.916542477614808,8.19829039248214,5.181819633884495,7.543682672192956,1934.9546054174932,5.891262710106463,1511.1088851423078,0.9086508498011876,7.4493835320458075,256.5
768,589824,0.6,0.0007802340702210663,0.0007812499999999999,460.79999999999995,460.79999999999995,460.79999999999995,0.6,0.6,0.7190637191157347,0.7190637191157346,276.48,276.47999999999996,384.5,0.3595318595578674,138.24,0.15471745017103444,49.91860636963753,0.15471745017105115,49.91860636963755,1.6708856520608606e-14,2.1316282072803006e-14,10.497800593627893,0.1506275625937209,11.40175425099138,11.365853305401767,0.35486501718054664,8.916542477614808,8.19829039248214,5.181819633884495,7.548587537389441,2902.43190812624,5.895093180009003,2266.663327713462,0.9144828179395564,7.497195700403859,384.5
1024,1048576,0.6,0.0005853658536585366,0.0005859375,614.4,614.4,614.4,0.6,0.6,0.7192975609756097,0.7192975609756097,368.64,368.64,512.5,0.35964878048780485,184.32,0.1547875375825356,66.5581418261834,0.15478753758254452,66.5581418261834,8.909539772616881e-15,0.0,10.497800593627893,0.1506275625937209,11.40175425099138,11.365853305401767,0.35486501718054664,8.916542477614808,8.19829039248214,5.181819633884495,7.551042362604852,3869.9092108349864,5.897010283482177,3022.2177702846157,0.9179606173497339,7.525707709895297,512.5
