seed_index,model_seed,feature_seed,probe_seed,dimension,branch,trace_residue_coeff,batch_size,num_probes,num_grad_samples,series_order,num_threads,model_logit_jitter,variance_source,operator_semantics,objective_semantics,total_grad_variance,mean_grad_norm,mean_estimated_prior,std_estimated_prior,mean_trace_estimate,std_trace_estimate,trace_exact,t2_exact
0,3658921,3755924,3852927,256,cf_probe,0.0,16,8,32,5,4,0.02,fixed_batch_rademacher_probes,relative_precision_H,wick_log_q_over_p,1.9937083721160889,2.096531391143799,-10.876861304044724,0.14130354215557955,94.84030723571777,0.17541396869912854,94.85369315743446,35.231383415201826
0,3658921,3755924,3852927,256,filtered_cf_probe,0.0,16,8,32,5,4,0.02,fixed_batch_rademacher_probes,relative_precision_H,wick_log_q_over_p,0.03769731894135475,0.20952944457530975,0.0652884691953659,0.25482063199934185,11.522707134485245,0.4280930665372906,11.562259502708912,1.0751607540764334
0,3658921,3755924,3852927,256,trace_residue_minus_0_5,-0.5,16,8,32,5,4,0.02,fixed_batch_rademacher_probes,relative_precision_H,wick_log_q_over_p,5.311583995819092,4.638149738311768,-58.29701507091522,0.22900224986957946,94.84030723571777,0.17541396869912854,94.85369315743446,35.231383415201826
0,3658921,3755924,3852927,256,trace_residue_plus_0_5,0.5,16,8,32,5,4,0.02,fixed_batch_rademacher_probes,relative_precision_H,wick_log_q_over_p,0.2705019414424896,1.3653013706207275,36.54329216480255,0.053630887065152705,94.84030723571777,0.17541396869912854,94.85369315743446,35.231383415201826
0,3658921,3755924,3852927,256,trace_residue_plus_1_0,1.0,16,8,32,5,4,0.02,fixed_batch_rademacher_probes,relative_precision_H,wick_log_q_over_p,0.14196458458900452,3.7296056747436523,83.9634461402893,0.0342184413144524,94.84030723571777,0.17541396869912854,94.85369315743446,35.231383415201826
1,4658924,4755927,4852930,256,cf_probe,0.0,16,8,32,5,4,0.02,fixed_batch_rademacher_probes,relative_precision_H,wick_log_q_over_p,2.066815137863159,2.1157643795013428,-10.564896821975708,0.1000960823311986,94.8489944934845,0.12481069670319131,94.88731122016907,35.251035477535666
1,4658924,4755927,4852930,256,filtered_cf_probe,0.0,16,8,32,5,4,0.02,fixed_batch_rademacher_probes,relative_precision_H,wick_log_q_over_p,0.03431909903883934,0.23291577398777008,-0.16126807406544685,0.1990235656933169,11.46551051735878,0.3279741745271371,11.553412014618516,1.068896884184105
1,4658924,4755927,4852930,256,trace_residue_minus_0_5,-0.5,16,8,32,5,4,0.02,fixed_batch_rademacher_probes,relative_precision_H,wick_log_q_over_p,5.510601997375488,4.648560047149658,-57.98939406871796,0.162495540655845,94.8489944934845,0.12481069670319131,94.88731122016907,35.251035477535666
1,4658924,4755927,4852930,256,trace_residue_plus_0_5,0.5,16,8,32,5,4,0.02,fixed_batch_rademacher_probes,relative_precision_H,wick_log_q_over_p,0.27933692932128906,1.408012866973877,36.85960042476654,0.03771517754792817,94.8489944934845,0.12481069670319131,94.88731122016907,35.251035477535666
1,4658924,4755927,4852930,256,trace_residue_plus_1_0,1.0,16,8,32,5,4,0.02,fixed_batch_rademacher_probes,relative_precision_H,wick_log_q_over_p,0.14816731214523315,3.7573351860046387,84.28409790992737,0.024789495086970006,94.8489944934845,0.12481069670319131,94.88731122016907,35.251035477535666
2,5658927,5755930,5852933,256,cf_probe,0.0,16,8,32,5,4,0.02,fixed_batch_rademacher_probes,relative_precision_H,wick_log_q_over_p,2.063288927078247,2.1184744834899902,-10.224343240261078,0.13080837863701875,95.01261711120605,0.16125235172828475,95.00742346048355,35.34087139647775
2,5658927,5755930,5852933,256,filtered_cf_probe,0.0,16,8,32,5,4,0.02,fixed_batch_rademacher_probes,relative_precision_H,wick_log_q_over_p,0.03543231263756752,0.23125462234020233,-0.15268413769081235,0.27435538623571093,11.572431415319443,0.4594475942245755,11.573366109281778,1.0779761408525461
2,5658927,5755930,5852933,256,trace_residue_minus_0_5,-0.5,16,8,32,5,4,0.02,fixed_batch_rademacher_probes,relative_precision_H,wick_log_q_over_p,5.4975056648254395,4.6412763595581055,-57.73065197467804,0.21142601715176731,95.01261711120605,0.16125235172828475,95.00742346048355,35.34087139647775
2,5658927,5755930,5852933,256,trace_residue_plus_0_5,0.5,16,8,32,5,4,0.02,fixed_batch_rademacher_probes,relative_precision_H,wick_log_q_over_p,0.27977970242500305,1.4463675022125244,37.281965136528015,0.050217825695400654,95.01261711120605,0.16125235172828475,95.00742346048355,35.34087139647775
2,5658927,5755930,5852933,256,trace_residue_plus_1_0,1.0,16,8,32,5,4,0.02,fixed_batch_rademacher_probes,relative_precision_H,wick_log_q_over_p,0.14697764813899994,3.7881217002868652,84.78827452659607,0.03056124315080616,95.01261711120605,0.16125235172828475,95.00742346048355,35.34087139647775
3,6658930,6755933,6852936,256,cf_probe,0.0,16,8,32,5,4,0.02,fixed_batch_rademacher_probes,relative_precision_H,wick_log_q_over_p,2.016378879547119,2.1404495239257812,-11.751847892999649,0.08930019781629656,94.85083603858948,0.1105130924446376,94.8723341524601,35.236307391785985
3,6658930,6755933,6852936,256,filtered_cf_probe,0.0,16,8,32,5,4,0.02,fixed_batch_rademacher_probes,relative_precision_H,wick_log_q_over_p,0.03439836576581001,0.22551193833351135,-0.4202037174254656,0.20802790390296858,11.520946443080902,0.3427873945027078,11.540341012179852,1.0639155175860395
3,6658930,6755933,6852936,256,trace_residue_minus_0_5,-0.5,16,8,32,5,4,0.02,fixed_batch_rademacher_probes,relative_precision_H,wick_log_q_over_p,5.372005462646484,4.681962013244629,-59.17726540565491,0.14454742569842424,94.85083603858948,0.1105130924446376,94.8723341524601,35.236307391785985
3,6658930,6755933,6852936,256,trace_residue_plus_0_5,0.5,16,8,32,5,4,0.02,fixed_batch_rademacher_probes,relative_precision_H,wick_log_q_over_p,0.2734512388706207,1.3553383350372314,35.67357063293457,0.03408279467177772,94.85083603858948,0.1105130924446376,94.8723341524601,35.236307391785985
3,6658930,6755933,6852936,256,trace_residue_plus_1_0,1.0,16,8,32,5,4,0.02,fixed_batch_rademacher_probes,relative_precision_H,wick_log_q_over_p,0.14322230219841003,3.6988813877105713,83.09898805618286,0.021338894752204927,94.85083603858948,0.1105130924446376,94.8723341524601,35.236307391785985
4,7658933,7755936,7852939,256,cf_probe,0.0,16,8,32,5,4,0.02,fixed_batch_rademacher_probes,relative_precision_H,wick_log_q_over_p,2.057426691055298,2.106793165206909,-10.565595239400864,0.14491833360409362,94.80666518211365,0.17923739040624823,94.7907497882843,35.177290749801685
4,7658933,7755936,7852939,256,filtered_cf_probe,0.0,16,8,32,5,4,0.02,fixed_batch_rademacher_probes,relative_precision_H,wick_log_q_over_p,0.03858192265033722,0.24259428679943085,-0.2660459689795971,0.28538435937792994,11.577335268259048,0.47954220310606416,11.538663832470775,1.0661371350139262
4,7658933,7755936,7852939,256,trace_residue_minus_0_5,-0.5,16,8,32,5,4,0.02,fixed_batch_rademacher_probes,relative_precision_H,wick_log_q_over_p,5.4848175048828125,4.640309810638428,-57.96892786026001,0.23453340387229382,94.80666518211365,0.17923739040624823,94.7907497882843,35.177290749801685
4,7658933,7755936,7852939,256,trace_residue_plus_0_5,0.5,16,8,32,5,4,0.02,fixed_batch_rademacher_probes,relative_precision_H,wick_log_q_over_p,0.27827370166778564,1.4095786809921265,36.83773732185364,0.05531402006186217,94.80666518211365,0.17923739040624823,94.7907497882843,35.177290749801685
4,7658933,7755936,7852939,256,trace_residue_plus_1_0,1.0,16,8,32,5,4,0.02,fixed_batch_rademacher_probes,relative_precision_H,wick_log_q_over_p,0.14735844731330872,3.764235019683838,84.24107003211975,0.03436659805599009,94.80666518211365,0.17923739040624823,94.7907497882843,35.177290749801685
0,11344297,11441300,11538303,1024,cf_probe,0.0,16,8,32,5,4,0.02,fixed_batch_rademacher_probes,relative_precision_H,wick_log_q_over_p,7.1693115234375,3.9876904487609863,-42.10063564777374,0.24997182665286366,355.0099296569824,0.3185778535506391,354.90431520342827,123.33409005904986
0,11344297,11441300,11538303,1024,filtered_cf_probe,0.0,16,8,32,5,4,0.02,fixed_batch_rademacher_probes,relative_precision_H,wick_log_q_over_p,0.04600270837545395,0.25180625915527344,-0.560519203543663,0.3016959353329784,20.395070016384125,0.5113695697762648,20.328781399410218,1.1917391542424787
0,11344297,11441300,11538303,1024,trace_residue_minus_0_5,-0.5,16,8,32,5,4,0.02,fixed_batch_rademacher_probes,relative_precision_H,wick_log_q_over_p,19.632308959960938,8.920424461364746,-219.60560274124146,0.40923947235447145,355.0099296569824,0.3185778535506391,354.90431520342827,123.33409005904986
0,11344297,11441300,11538303,1024,trace_residue_plus_0_5,0.5,16,8,32,5,4,0.02,fixed_batch_rademacher_probes,relative_precision_H,wick_log_q_over_p,0.8573684692382812,2.8033905029296875,135.40432691574097,0.09077874153207774,355.0099296569824,0.3185778535506391,354.90431520342827,123.33409005904986
0,11344297,11441300,11538303,1024,trace_residue_plus_1_0,1.0,16,8,32,5,4,0.02,fixed_batch_rademacher_probes,relative_precision_H,wick_log_q_over_p,0.6964794397354126,7.445867538452148,312.90929412841797,0.06885881187388918,355.0099296569824,0.3185778535506391,354.90431520342827,123.33409005904986
1,12344300,12441303,12538306,1024,cf_probe,0.0,16,8,32,5,4,0.02,fixed_batch_rademacher_probes,relative_precision_H,wick_log_q_over_p,7.208683967590332,3.89520001411438,-37.33593046665192,0.204453172888144,354.362998008728,0.2601734671773404,354.3699925839901,122.97003253887394
1,12344300,12441303,12538306,1024,filtered_cf_probe,0.0,16,8,32,5,4,0.02,fixed_batch_rademacher_probes,relative_precision_H,wick_log_q_over_p,0.042493823915719986,0.28109052777290344,-0.41099872160702944,0.2951891605026887,20.310176849365234,0.4981216094995522,20.311754098162055,1.1920470615012393
1,12344300,12441303,12538306,1024,trace_residue_minus_0_5,-0.5,16,8,32,5,4,0.02,fixed_batch_rademacher_probes,relative_precision_H,wick_log_q_over_p,19.761098861694336,8.802459716796875,-214.5174298286438,0.3345028494967881,354.362998008728,0.2601734671773404,354.3699925839901,122.97003253887394
1,12344300,12441303,12538306,1024,trace_residue_plus_0_5,0.5,16,8,32,5,4,0.02,fixed_batch_rademacher_probes,relative_precision_H,wick_log_q_over_p,0.8576589822769165,2.905082941055298,139.84556818008423,0.07453114656934041,354.362998008728,0.2601734671773404,354.3699925839901,122.97003253887394
1,12344300,12441303,12538306,1024,trace_residue_plus_1_0,1.0,16,8,32,5,4,0.02,fixed_batch_rademacher_probes,relative_precision_H,wick_log_q_over_p,0.7080240249633789,7.56828498840332,317.02706813812256,0.05615988943346993,354.362998008728,0.2601734671773404,354.3699925839901,122.97003253887394
2,13344303,13441306,13538309,1024,cf_probe,0.0,16,8,32,5,4,0.02,fixed_batch_rademacher_probes,relative_precision_H,wick_log_q_over_p,7.127954483032227,3.9406375885009766,-39.799256324768066,0.20449387874316952,355.04799365997314,0.2624158656771681,354.9839018583298,123.3852565520902
2,13344303,13441306,13538309,1024,filtered_cf_probe,0.0,16,8,32,5,4,0.02,fixed_batch_rademacher_probes,relative_precision_H,wick_log_q_over_p,0.032226208597421646,0.2321518063545227,-0.37174089532345533,0.21632034289466406,20.43382626771927,0.37695619389770707,20.32063156645745,1.181202267396324
2,13344303,13441306,13538309,1024,trace_residue_minus_0_5,-0.5,16,8,32,5,4,0.02,fixed_batch_rademacher_probes,relative_precision_H,wick_log_q_over_p,19.533733367919922,8.860077857971191,-217.32325315475464,0.3356855918955389,355.04799365997314,0.2624158656771681,354.9839018583298,123.3852565520902
2,13344303,13441306,13538309,1024,trace_residue_plus_0_5,0.5,16,8,32,5,4,0.02,fixed_batch_rademacher_probes,relative_precision_H,wick_log_q_over_p,0.849032998085022,2.8542890548706055,137.7247405052185,0.07335922988716671,355.04799365997314,0.2624158656771681,354.9839018583298,123.3852565520902
2,13344303,13441306,13538309,1024,trace_residue_plus_1_0,1.0,16,8,32,5,4,0.02,fixed_batch_rademacher_probes,relative_precision_H,wick_log_q_over_p,0.6969680786132812,7.506667613983154,315.24873638153076,0.05810773015210413,355.04799365997314,0.2624158656771681,354.9839018583298,123.3852565520902
3,14344306,14441309,14538312,1024,cf_probe,0.0,16,8,32,5,4,0.02,fixed_batch_rademacher_probes,relative_precision_H,wick_log_q_over_p,7.159083366394043,3.8815560340881348,-38.375107169151306,0.2807879727705637,354.81167697906494,0.36008936703665884,354.7824648618698,123.23905196926674
3,14344306,14441309,14538312,1024,filtered_cf_probe,0.0,16,8,32,5,4,0.02,fixed_batch_rademacher_probes,relative_precision_H,wick_log_q_over_p,0.03640703111886978,0.2289745807647705,-0.17711727134883404,0.30817868246072283,20.262150764465332,0.535612516466477,20.281718115322292,1.1665399522033808
3,14344306,14441309,14538312,1024,trace_residue_minus_0_5,-0.5,16,8,32,5,4,0.02,fixed_batch_rademacher_probes,relative_precision_H,wick_log_q_over_p,19.61948585510254,8.806333541870117,-215.7809443473816,0.4608207424517556,354.81167697906494,0.36008936703665884,354.7824648618698,123.23905196926674
3,14344306,14441309,14538312,1024,trace_residue_plus_0_5,0.5,16,8,32,5,4,0.02,fixed_batch_rademacher_probes,relative_precision_H,wick_log_q_over_p,0.8526549339294434,2.8589959144592285,139.03073263168335,0.10079719773082561,354.81167697906494,0.36008936703665884,354.7824648618698,123.23905196926674
3,14344306,14441309,14538312,1024,trace_residue_plus_1_0,1.0,16,8,32,5,4,0.02,fixed_batch_rademacher_probes,relative_precision_H,wick_log_q_over_p,0.7001999616622925,7.540757656097412,316.4365701675415,0.0794392517452443,354.81167697906494,0.36008936703665884,354.7824648618698,123.23905196926674
4,15344309,15441312,15538315,1024,cf_probe,0.0,16,8,32,5,4,0.02,fixed_batch_rademacher_probes,relative_precision_H,wick_log_q_over_p,7.158308982849121,3.927161693572998,-39.077054262161255,0.21447121863680393,354.6143989562988,0.27555435977101106,354.66464829444885,123.17550962045846
4,15344309,15441312,15538315,1024,filtered_cf_probe,0.0,16,8,32,5,4,0.02,fixed_batch_rademacher_probes,relative_precision_H,wick_log_q_over_p,0.03644835203886032,0.2538987100124359,-0.25211863312870264,0.1924888755891469,20.27736645936966,0.33839341624108804,20.324802820570767,1.1897303561950152
4,15344309,15441312,15538315,1024,trace_residue_minus_0_5,-0.5,16,8,32,5,4,0.02,fixed_batch_rademacher_probes,relative_precision_H,wick_log_q_over_p,19.609668731689453,8.837967872619629,-216.38425254821777,0.352223087581961,354.6143989562988,0.27555435977101106,354.66464829444885,123.17550962045846
4,15344309,15441312,15538315,1024,trace_residue_plus_0_5,0.5,16,8,32,5,4,0.02,fixed_batch_rademacher_probes,relative_precision_H,wick_log_q_over_p,0.8544446229934692,2.875898599624634,138.23014640808105,0.07681047326534926,354.6143989562988,0.27555435977101106,354.66464829444885,123.17550962045846
4,15344309,15441312,15538315,1024,trace_residue_plus_1_0,1.0,16,8,32,5,4,0.02,fixed_batch_rademacher_probes,relative_precision_H,wick_log_q_over_p,0.6980787515640259,7.526165962219238,315.53734397888184,0.06137579898271367,354.6143989562988,0.27555435977101106,354.66464829444885,123.17550962045846
0,42085801,42182804,42279807,4096,cf_probe,0.0,16,8,32,5,4,0.02,fixed_batch_rademacher_probes,relative_precision_H,wick_log_q_over_p,25.61163330078125,7.204657554626465,-133.2243685722351,0.43037417392291166,1325.5204887390137,0.5648562379527857,1325.5132363438606,430.1814313929593
0,42085801,42182804,42279807,4096,filtered_cf_probe,0.0,16,8,32,5,4,0.02,fixed_batch_rademacher_probes,relative_precision_H,wick_log_q_over_p,0.04134391248226166,0.2653219401836395,-0.14450475946068764,0.32834501496963514,34.50856697559357,0.5642142225039227,34.586239411262795,1.2602056074563257
0,42085801,42182804,42279807,4096,trace_residue_minus_0_5,-0.5,16,8,32,5,4,0.02,fixed_batch_rademacher_probes,relative_precision_H,wick_log_q_over_p,72.04736328125,16.684690475463867,-795.9846076965332,0.7127518322695962,1325.5204887390137,0.5648562379527857,1325.5132363438606,430.1814313929593
0,42085801,42182804,42279807,4096,trace_residue_plus_0_5,0.5,16,8,32,5,4,0.02,fixed_batch_rademacher_probes,relative_precision_H,wick_log_q_over_p,2.678356647491455,5.911376953125,529.5358810424805,0.14819617298401064,1325.5204887390137,0.5648562379527857,1325.5132363438606,430.1814313929593
0,42085801,42182804,42279807,4096,trace_residue_plus_1_0,1.0,16,8,32,5,4,0.02,fixed_batch_rademacher_probes,relative_precision_H,wick_log_q_over_p,3.2475357055664062,15.082386016845703,1192.2961196899414,0.1350297535329255,1325.5204887390137,0.5648562379527857,1325.5132363438606,430.1814313929593
1,43085804,43182807,43279810,4096,cf_probe,0.0,16,8,32,5,4,0.02,fixed_batch_rademacher_probes,relative_precision_H,wick_log_q_over_p,25.295530319213867,7.24107551574707,-136.8555178642273,0.4828963738082637,1325.4341621398926,0.6399106445116166,1325.3019869327545,430.0322845198086
1,43085804,43182807,43279810,4096,filtered_cf_probe,0.0,16,8,32,5,4,0.02,fixed_batch_rademacher_probes,relative_precision_H,wick_log_q_over_p,0.04091823473572731,0.30122971534729004,-0.9525407608598471,0.3166240690572445,34.614097595214844,0.557604266061875,34.55875023920089,1.252518264958048
1,43085804,43182807,43279810,4096,trace_residue_minus_0_5,-0.5,16,8,32,5,4,0.02,fixed_batch_rademacher_probes,relative_precision_H,wick_log_q_over_p,71.14627838134766,16.71562957763672,-799.572603225708,0.8027796768796616,1325.4341621398926,0.6399106445116166,1325.3019869327545,430.0322845198086
1,43085804,43182807,43279810,4096,trace_residue_plus_0_5,0.5,16,8,32,5,4,0.02,fixed_batch_rademacher_probes,relative_precision_H,wick_log_q_over_p,2.6474990844726562,5.882699966430664,525.8615589141846,0.16328569567090695,1325.4341621398926,0.6399106445116166,1325.3019869327545,430.0322845198086
1,43085804,43182807,43279810,4096,trace_residue_plus_1_0,1.0,16,8,32,5,4,0.02,fixed_batch_rademacher_probes,relative_precision_H,wick_log_q_over_p,3.2021851539611816,15.030773162841797,1188.5786399841309,0.15772942596861753,1325.4341621398926,0.6399106445116166,1325.3019869327545,430.0322845198086
2,44085807,44182810,44279813,4096,cf_probe,0.0,16,8,32,5,4,0.02,fixed_batch_rademacher_probes,relative_precision_H,wick_log_q_over_p,25.347183227539062,7.2553606033325195,-140.91543245315552,0.3394819094190635,1323.9260025024414,0.4508676731942991,1324.0267180502415,429.19596588963014
2,44085807,44182810,44279813,4096,filtered_cf_probe,0.0,16,8,32,5,4,0.02,fixed_batch_rademacher_probes,relative_precision_H,wick_log_q_over_p,0.0490797758102417,0.2521458864212036,-0.5158332455903292,0.27046836561571247,34.51905596256256,0.448496246719162,34.53317227889784,1.255875408241244
2,44085807,44182810,44279813,4096,trace_residue_minus_0_5,-0.5,16,8,32,5,4,0.02,fixed_batch_rademacher_probes,relative_precision_H,wick_log_q_over_p,71.33035278320312,16.747371673583984,-802.8784370422363,0.5648513273385011,1323.9260025024414,0.4508676731942991,1324.0267180502415,429.19596588963014
2,44085807,44182810,44279813,4096,trace_residue_plus_0_5,0.5,16,8,32,5,4,0.02,fixed_batch_rademacher_probes,relative_precision_H,wick_log_q_over_p,2.6454074382781982,5.815920829772949,521.0475654602051,0.11436073713476765,1323.9260025024414,0.4508676731942991,1324.0267180502415,429.19596588963014
2,44085807,44182810,44279813,4096,trace_residue_plus_1_0,1.0,16,8,32,5,4,0.02,fixed_batch_rademacher_probes,relative_precision_H,wick_log_q_over_p,3.2250351905822754,14.967414855957031,1183.0105628967285,0.11202264704240605,1323.9260025024414,0.4508676731942991,1324.0267180502415,429.19596588963014
3,45085810,45182813,45279816,4096,cf_probe,0.0,16,8,32,5,4,0.02,fixed_batch_rademacher_probes,relative_precision_H,wick_log_q_over_p,25.331287384033203,7.202199935913086,-130.99735164642334,0.3999093494318029,1325.1228523254395,0.5312438733395233,1325.0326190292835,429.87064383354186
3,45085810,45182813,45279816,4096,filtered_cf_probe,0.0,16,8,32,5,4,0.02,fixed_batch_rademacher_probes,relative_precision_H,wick_log_q_over_p,0.03997363895177841,0.2392062246799469,-0.26848363876342773,0.24335897020893188,34.56138062477112,0.4286460079795538,34.57788338325918,1.2545886953966743
3,45085810,45182813,45279816,4096,trace_residue_minus_0_5,-0.5,16,8,32,5,4,0.02,fixed_batch_rademacher_probes,relative_precision_H,wick_log_q_over_p,71.2800064086914,16.649749755859375,-793.5587730407715,0.665483603785854,1325.1228523254395,0.5312438733395233,1325.0326190292835,429.87064383354186
3,45085810,45182813,45279816,4096,trace_residue_plus_0_5,0.5,16,8,32,5,4,0.02,fixed_batch_rademacher_probes,relative_precision_H,wick_log_q_over_p,2.64477276802063,5.976480484008789,531.564079284668,0.13452786587426288,1325.1228523254395,0.5312438733395233,1325.0326190292835,429.87064383354186
3,45085810,45182813,45279816,4096,trace_residue_plus_1_0,1.0,16,8,32,5,4,0.02,fixed_batch_rademacher_probes,relative_precision_H,wick_log_q_over_p,3.2204666137695312,15.124166488647461,1194.1254997253418,0.13182049316720465,1325.1228523254395,0.5312438733395233,1325.0326190292835,429.87064383354186
4,46085813,46182816,46279819,4096,cf_probe,0.0,16,8,32,5,4,0.02,fixed_batch_rademacher_probes,relative_precision_H,wick_log_q_over_p,25.273820877075195,7.223237991333008,-138.37329483032227,0.4471168324138818,1325.2192077636719,0.5947984989066157,1325.3145067989826,430.06863100836847
4,46085813,46182816,46279819,4096,filtered_cf_probe,0.0,16,8,32,5,4,0.02,fixed_batch_rademacher_probes,relative_precision_H,wick_log_q_over_p,0.03423437103629112,0.22488340735435486,-0.6132883299142122,0.22146099697142282,34.48102259635925,0.4026698917545874,34.609598693903536,1.272776258880183
4,46085813,46182816,46279819,4096,trace_residue_minus_0_5,-0.5,16,8,32,5,4,0.02,fixed_batch_rademacher_probes,relative_precision_H,wick_log_q_over_p,71.11038970947266,16.7202091217041,-800.9829006195068,0.7444741726864883,1325.2192077636719,0.5947984989066157,1325.3145067989826,430.06863100836847
4,46085813,46182816,46279819,4096,trace_residue_plus_0_5,0.5,16,8,32,5,4,0.02,fixed_batch_rademacher_probes,relative_precision_H,wick_log_q_over_p,2.640537738800049,5.826478958129883,524.236307144165,0.14991960618265246,1325.2192077636719,0.5947984989066157,1325.3145067989826,430.06863100836847
4,46085813,46182816,46279819,4096,trace_residue_plus_1_0,1.0,16,8,32,5,4,0.02,fixed_batch_rademacher_probes,relative_precision_H,wick_log_q_over_p,3.210537910461426,14.995951652526855,1186.8459167480469,0.1480865215035157,1325.2192077636719,0.5947984989066157,1325.3145067989826,430.06863100836847
0,165051817,165148820,165245823,16384,cf_probe,0.0,16,8,32,5,4,0.02,fixed_batch_rademacher_probes,relative_precision_H,wick_log_q_over_p,88.38539123535156,13.172577857971191,-460.8690986633301,0.9351363031862997,4944.173858642578,1.2765274348337938,4944.277642607689,1496.42021538578
0,165051817,165148820,165245823,16384,filtered_cf_probe,0.0,16,8,32,5,4,0.02,fixed_batch_rademacher_probes,relative_precision_H,wick_log_q_over_p,0.03778403624892235,0.2698013484477997,-0.22441138327121735,0.3370877945518751,57.69510018825531,0.6055756701475379,57.69770951906685,1.2932533678425362
0,165051817,165148820,165245823,16384,trace_residue_minus_0_5,-0.5,16,8,32,5,4,0.02,fixed_batch_rademacher_probes,relative_precision_H,wick_log_q_over_p,254.97055053710938,31.34697723388672,-2932.9560470581055,1.573354931840623,4944.173858642578,1.2765274348337938,4944.277642607689,1496.42021538578
0,165051817,165148820,165245823,16384,trace_residue_plus_0_5,0.5,16,8,32,5,4,0.02,fixed_batch_rademacher_probes,relative_precision_H,wick_log_q_over_p,8.06764030456543,11.993843078613281,2011.217845916748,0.29722797326167194,4944.173858642578,1.2765274348337938,4944.277642607689,1496.42021538578
0,165051817,165148820,165245823,16384,trace_residue_plus_1_0,1.0,16,8,32,5,4,0.02,fixed_batch_rademacher_probes,relative_precision_H,wick_log_q_over_p,14.017290115356445,29.893722534179688,4483.304733276367,0.3420121540719075,4944.173858642578,1.2765274348337938,4944.277642607689,1496.42021538578
1,166051820,166148823,166245826,16384,cf_probe,0.0,16,8,32,5,4,0.02,fixed_batch_rademacher_probes,relative_precision_H,wick_log_q_over_p,88.60163879394531,13.25466251373291,-472.2968101501465,0.786822216944653,4945.869338989258,1.068354277214211,4945.549202620983,1497.174235745406
1,166051820,166148823,166245826,16384,filtered_cf_probe,0.0,16,8,32,5,4,0.02,fixed_batch_rademacher_probes,relative_precision_H,wick_log_q_over_p,0.040589381009340286,0.2728012204170227,-0.568853092379868,0.327951804492282,57.868014335632324,0.5846127959468801,57.72128173254896,1.3118362312464198
1,166051820,166148823,166245826,16384,trace_residue_minus_0_5,-0.5,16,8,32,5,4,0.02,fixed_batch_rademacher_probes,relative_precision_H,wick_log_q_over_p,255.55679321289062,31.443668365478516,-2945.231475830078,1.3209059838223907,4945.869338989258,1.068354277214211,4945.549202620983,1497.174235745406
1,166051820,166148823,166245826,16384,trace_residue_plus_0_5,0.5,16,8,32,5,4,0.02,fixed_batch_rademacher_probes,relative_precision_H,wick_log_q_over_p,8.094368934631348,11.94186782836914,2000.6378593444824,0.2531608727211074,4945.869338989258,1.068354277214211,4945.549202620983,1497.174235745406
1,166051820,166148823,166245826,16384,trace_residue_plus_1_0,1.0,16,8,32,5,4,0.02,fixed_batch_rademacher_probes,relative_precision_H,wick_log_q_over_p,14.034975051879883,29.82384490966797,4473.572555541992,0.2824786257403207,4945.869338989258,1.068354277214211,4945.549202620983,1497.174235745406
2,167051823,167148826,167245829,16384,cf_probe,0.0,16,8,32,5,4,0.02,fixed_batch_rademacher_probes,relative_precision_H,wick_log_q_over_p,89.22342681884766,13.305360794067383,-477.5484209060669,0.7525551521314275,4945.476959228516,1.0209787075134686,4945.145375400782,1496.9449326471008
2,167051823,167148826,167245829,16384,filtered_cf_probe,0.0,16,8,32,5,4,0.02,fixed_batch_rademacher_probes,relative_precision_H,wick_log_q_over_p,0.0447746105492115,0.28904989361763,-0.6622777814045548,0.3424116837266289,57.81385803222656,0.6016022379470807,57.70125640369952,1.290379435792654
2,167051823,167148826,167245829,16384,trace_residue_minus_0_5,-0.5,16,8,32,5,4,0.02,fixed_batch_rademacher_probes,relative_precision_H,wick_log_q_over_p,257.3305969238281,31.50584602355957,-2950.286895751953,1.2629419533248252,4945.476959228516,1.0209787075134686,4945.145375400782,1496.9449326471008
2,167051823,167148826,167245829,16384,trace_residue_plus_0_5,0.5,16,8,32,5,4,0.02,fixed_batch_rademacher_probes,relative_precision_H,wick_log_q_over_p,8.15521240234375,11.913978576660156,1995.190055847168,0.24255676171001986,4945.476959228516,1.0209787075134686,4945.145375400782,1496.9449326471008
2,167051823,167148826,167245829,16384,trace_residue_plus_1_0,1.0,16,8,32,5,4,0.02,fixed_batch_rademacher_probes,relative_precision_H,wick_log_q_over_p,14.125953674316406,29.78827667236328,4467.928497314453,0.26932029618916425,4945.476959228516,1.0209787075134686,4945.145375400782,1496.9449326471008
3,168051826,168148829,168245832,16384,cf_probe,0.0,16,8,32,5,4,0.02,fixed_batch_rademacher_probes,relative_precision_H,wick_log_q_over_p,89.02058410644531,13.253263473510742,-466.5120801925659,0.7402285973340771,4944.964569091797,1.0146883822517732,4944.965280294418,1496.8847407310268
3,168051826,168148829,168245832,16384,filtered_cf_probe,0.0,16,8,32,5,4,0.02,fixed_batch_rademacher_probes,relative_precision_H,wick_log_q_over_p,0.049121104180812836,0.2922738790512085,-0.5654265964403749,0.32449223029955643,57.750996232032776,0.5593294116749544,57.735627287300304,1.3050274976364538
3,168051826,168148829,168245832,16384,trace_residue_minus_0_5,-0.5,16,8,32,5,4,0.02,fixed_batch_rademacher_probes,relative_precision_H,wick_log_q_over_p,256.7811584472656,31.423120498657227,-2938.994354248047,1.2474715991476788,4944.964569091797,1.0146883822517732,4944.965280294418,1496.8847407310268
3,168051826,168148829,168245832,16384,trace_residue_plus_0_5,0.5,16,8,32,5,4,0.02,fixed_batch_rademacher_probes,relative_precision_H,wick_log_q_over_p,8.130155563354492,11.999129295349121,2005.9702072143555,0.23344678309853822,4944.964569091797,1.0146883822517732,4944.965280294418,1496.8847407310268
3,168051826,168148829,168245832,16384,trace_residue_plus_1_0,1.0,16,8,32,5,4,0.02,fixed_batch_rademacher_probes,relative_precision_H,wick_log_q_over_p,14.109872817993164,29.872997283935547,4478.452484130859,0.2753863643053953,4944.964569091797,1.0146883822517732,4944.965280294418,1496.8847407310268
4,169051829,169148832,169245835,16384,cf_probe,0.0,16,8,32,5,4,0.02,fixed_batch_rademacher_probes,relative_precision_H,wick_log_q_over_p,88.81548309326172,13.267958641052246,-477.9299831390381,0.947955878291925,4943.911544799805,1.291674676437217,4944.0978091955185,1496.3181584567985
4,169051829,169148832,169245835,16384,filtered_cf_probe,0.0,16,8,32,5,4,0.02,fixed_batch_rademacher_probes,relative_precision_H,wick_log_q_over_p,0.03835054859519005,0.22907106578350067,-0.5165921496227384,0.3435652872755585,57.52701926231384,0.6213987130725211,57.71432654571254,1.3035277545016866
4,169051829,169148832,169245835,16384,trace_residue_minus_0_5,-0.5,16,8,32,5,4,0.02,fixed_batch_rademacher_probes,relative_precision_H,wick_log_q_over_p,256.23321533203125,31.478878021240234,-2949.8857955932617,1.5937490984842053,4943.911544799805,1.291674676437217,4944.0978091955185,1496.3181584567985
4,169051829,169148832,169245835,16384,trace_residue_plus_0_5,0.5,16,8,32,5,4,0.02,fixed_batch_rademacher_probes,relative_precision_H,wick_log_q_over_p,8.103513717651367,11.878236770629883,1994.0257759094238,0.3025510744855598,4943.911544799805,1.291674676437217,4944.0978091955185,1496.3181584567985
4,169051829,169148832,169245835,16384,trace_residue_plus_1_0,1.0,16,8,32,5,4,0.02,fixed_batch_rademacher_probes,relative_precision_H,wick_log_q_over_p,14.097332954406738,29.767009735107422,4465.9815673828125,0.3444832507275456,4943.911544799805,1.291674676437217,4944.0978091955185,1496.3181584567985
