spectrum,label,regime,alpha,boundary,line_style,cutoff_N,trace_P,T2_exact,ordinary_quadratic_mean,ordinary_logdet,ordinary_total_mean,det2_constant,wick_quadratic_sd,cf_finite_part_mean,finite_cutoff_identity_error
trace_class_alpha_1_20,$S_1$: $\alpha=1.20$,S1,1.2,False,solid,10,1.1104710143274377,0.27475559310031983,0.5552355071637188,-0.6492255894013474,-0.09399008223762861,-0.09399008223762852,0.370645108628402,-0.09399008223762852,9.71445146547012e-17
trace_class_alpha_1_20,$S_1$: $\alpha=1.20$,S1,1.2,False,solid,11,1.1357955383554132,0.2753969246175633,0.5678977691777066,-0.6620509436745633,-0.09415317449685667,-0.09415317449685659,0.3710774343836899,-0.09415317449685659,8.326672684688674e-17
trace_class_alpha_1_20,$S_1$: $\alpha=1.20$,S1,1.2,False,solid,13,1.1793335307913064,0.27634688566686033,0.5896667653956532,-0.6840609505471079,-0.0943941851514547,-0.09439418515145467,0.371716885321921,-0.09439418515145467,2.7755575615628914e-17
trace_class_alpha_1_20,$S_1$: $\alpha=1.20$,S1,1.2,False,solid,15,1.2157487502130568,0.27701105465204423,0.6078743751065284,-0.7024366530519333,-0.09456227794540484,-0.0945622779454049,0.37216330733432346,-0.0945622779454049,5.551115123125783e-17
trace_class_alpha_1_20,$S_1$: $\alpha=1.20$,S1,1.2,False,solid,17,1.2469224548626856,0.27749759692208115,0.6234612274313428,-0.718146423287504,-0.0946851958561612,-0.09468519585616125,0.3724899977999954,-0.09468519585616125,5.551115123125783e-17
trace_class_alpha_1_20,$S_1$: $\alpha=1.20$,S1,1.2,False,solid,19,1.274090308326698,0.2778670311556791,0.637045154163349,-0.7318235553902857,-0.0947784012269367,-0.09477840122693679,0.3727378644273205,-0.09477840122693679,8.326672684688674e-17
trace_class_alpha_1_20,$S_1$: $\alpha=1.20$,S1,1.2,False,solid,22,1.3091282489725335,0.27827714306907525,0.6545641244862668,-0.7494458626132257,-0.09488173812695888,-0.09488173812695892,0.37301283025458737,-0.09488173812695892,4.163336342344337e-17
trace_class_alpha_1_20,$S_1$: $\alpha=1.20$,S1,1.2,False,solid,25,1.3389645216903894,0.278574372866839,0.6694822608451947,-0.7644388044807845,-0.09495654363558981,-0.09495654363558995,0.37321198591875304,-0.09495654363558995,1.3877787807814457e-16
trace_class_alpha_1_20,$S_1$: $\alpha=1.20$,S1,1.2,False,solid,28,1.3648598840284076,0.2787981908819341,0.6824299420142038,-0.7774427651069467,-0.09501282309274284,-0.09501282309274287,0.37336188268349924,-0.09501282309274287,2.7755575615628914e-17
trace_class_alpha_1_20,$S_1$: $\alpha=1.20$,S1,1.2,False,solid,32,1.3947057533901612,0.2790213169167988,0.6973528766950806,-0.7924217614249154,-0.09506888472983477,-0.0950688847298349,0.3735112561334657,-0.0950688847298349,1.249000902703301e-16
trace_class_alpha_1_20,$S_1$: $\alpha=1.20$,S1,1.2,False,solid,36,1.420438869686218,0.279187116114232,0.710219434843109,-0.8053299485518434,-0.09511051370873436,-0.09511051370873447,0.3736222130135145,-0.09511051370873447,1.1102230246251565e-16
trace_class_alpha_1_20,$S_1$: $\alpha=1.20$,S1,1.2,False,solid,41,1.4482142510303353,0.2793417034769924,0.7241071255151676,-0.8192564303369073,-0.09514930482173967,-0.09514930482173975,0.3737256369831968,-0.09514930482173975,8.326672684688674e-17
trace_class_alpha_1_20,$S_1$: $\alpha=1.20$,S1,1.2,False,solid,47,1.4766705031939185,0.2794769504098932,0.7383352515969592,-0.8335184758988934,-0.09518322430193416,-0.09518322430193425,0.3738160981083434,-0.09518322430193425,9.71445146547012e-17
trace_class_alpha_1_20,$S_1$: $\alpha=1.20$,S1,1.2,False,solid,54,1.5048614539230258,0.27959073556810893,0.7524307269615129,-0.8476424745006348,-0.09521174753912187,-0.09521174753912202,0.3738921873803389,-0.09521174753912202,1.5265566588595902e-16
trace_class_alpha_1_20,$S_1$: $\alpha=1.20$,S1,1.2,False,solid,61,1.529009370600419,0.2796741817331624,0.7645046853002095,-0.8597373426483201,-0.0952326573481106,-0.09523265734811062,0.37394797882403535,-0.09523265734811062,2.7755575615628914e-17
trace_class_alpha_1_20,$S_1$: $\alpha=1.20$,S1,1.2,False,solid,70,1.5556093587854165,0.27975297335419624,0.7778046793927083,-0.8730570737171619,-0.09525239432445365,-0.09525239432445383,0.3740006506372658,-0.09525239432445383,1.8041124150158794e-16
trace_class_alpha_1_20,$S_1$: $\alpha=1.20$,S1,1.2,False,solid,79,1.5784160353637582,0.279810866108667,0.7892080176818791,-0.8844749097763898,-0.09526689209451067,-0.09526689209451077,0.3740393469333587,-0.09526689209451077,9.71445146547012e-17
trace_class_alpha_1_20,$S_1$: $\alpha=1.20$,S1,1.2,False,solid,90,1.6024097454974133,0.2798633069715969,0.8012048727487067,-0.8964848942311798,-0.09528002148247317,-0.09528002148247311,0.3740743956565304,-0.09528002148247311,5.551115123125783e-17
trace_class_alpha_1_20,$S_1$: $\alpha=1.20$,S1,1.2,False,solid,103,1.6266135969106332,0.2799084674578972,0.8133067984553166,-0.9085981241530205,-0.09529132569770393,-0.09529132569770381,0.37410457592623564,-0.09529132569770381,1.249000902703301e-16
trace_class_alpha_1_20,$S_1$: $\alpha=1.20$,S1,1.2,False,solid,117,1.6489015464672157,0.2799440180202251,0.8244507732336078,-0.9197509960522884,-0.09530022281868056,-0.0953002228186805,0.37412833227398395,-0.0953002228186805,5.551115123125783e-17
trace_class_alpha_1_20,$S_1$: $\alpha=1.20$,S1,1.2,False,solid,133,1.670765811268257,0.279973954145416,0.8353829056341285,-0.9306906193357929,-0.09530771370166435,-0.09530771370166441,0.37414833565406647,-0.09530771370166441,5.551115123125783e-17
trace_class_alpha_1_20,$S_1$: $\alpha=1.20$,S1,1.2,False,solid,151,1.6918845720506286,0.279998779491712,0.8459422860253143,-0.9412562109409164,-0.09531392491560209,-0.0953139249156022,0.3741649231901034,-0.0953139249156022,1.1102230246251565e-16
trace_class_alpha_1_20,$S_1$: $\alpha=1.20$,S1,1.2,False,solid,172,1.7130105219230403,0.28002007505669285,0.8565052609615201,-0.9518245133560601,-0.09531925239453998,-0.09531925239453956,0.37417915164844023,-0.09531925239453956,4.163336342344337e-16
trace_class_alpha_1_20,$S_1$: $\alpha=1.20$,S1,1.2,False,solid,196,1.7336660646271156,0.2800378883638807,0.8668330323135578,-0.9621567406021235,-0.09532370828856573,-0.09532370828856504,0.37419105304902783,-0.09532370828856504,6.938893903907228e-16
trace_class_alpha_1_20,$S_1$: $\alpha=1.20$,S1,1.2,False,solid,223,1.7535591991187554,0.28005257441889586,0.8767795995593777,-0.972106981173281,-0.0953273816139033,-0.09532738161390261,0.37420086478981834,-0.09532738161390261,6.938893903907228e-16
trace_class_alpha_1_20,$S_1$: $\alpha=1.20$,S1,1.2,False,solid,254,1.773116149569068,0.28006493727154197,0.886558074784534,-0.981888548417374,-0.09533047363284008,-0.09533047363283949,0.37420912420165675,-0.09533047363283949,5.967448757360216e-16
trace_class_alpha_1_20,$S_1$: $\alpha=1.20$,S1,1.2,False,solid,289,1.7920217164595347,0.2800751696299221,0.8960108582297673,-0.9913438908774345,-0.09533303264766713,-0.09533303264766643,0.37421596012858815,-0.09533303264766643,6.938893903907228e-16
trace_class_alpha_1_20,$S_1$: $\alpha=1.20$,S1,1.2,False,solid,329,1.8105262728681895,0.2800837473037924,0.9052631364340947,-1.0005983141644794,-0.09533517773038469,-0.0953351777303839,0.374221690514989,-0.0953351777303839,7.91033905045424e-16
trace_class_alpha_1_20,$S_1$: $\alpha=1.20$,S1,1.2,False,solid,374,1.828364662555565,0.2800908325055328,0.9141823312777825,-1.0095192807786901,-0.09533694950090765,-0.09533694950090739,0.37422642377679105,-0.09533694950090739,2.636779683484747e-16
trace_class_alpha_1_20,$S_1$: $\alpha=1.20$,S1,1.2,False,solid,426,1.8460209507851781,0.2800968397591138,0.9230104753925891,-1.0183489270483146,-0.09533845165572552,-0.09533845165572473,0.37423043686952684,-0.09533845165572473,7.91033905045424e-16
trace_class_alpha_1_20,$S_1$: $\alpha=1.20$,S1,1.2,False,solid,485,1.8631647765495027,0.28010183133763367,0.9315823882747514,-1.0269220880678716,-0.09533969979312018,-0.09533969979311911,0.3742337714167668,-0.09533969979311911,1.0685896612017132e-15
trace_class_alpha_1_20,$S_1$: $\alpha=1.20$,S1,1.2,False,solid,552,1.8798327943687818,0.2801059862670492,0.9399163971843909,-1.0352571358828648,-0.09534073869847393,-0.09534073869847173,0.3742365470307845,-0.09534073869847173,2.192690473634684e-15
trace_class_alpha_1_20,$S_1$: $\alpha=1.20$,S1,1.2,False,solid,628,1.896026823385215,0.28010944376199687,0.9480134116926076,-1.0433550148881148,-0.09534160319550722,-0.09534160319550514,0.37423885672254614,-0.09534160319550514,2.0816681711721685e-15
trace_class_alpha_1_20,$S_1$: $\alpha=1.20$,S1,1.2,False,solid,714,1.9117319221287337,0.28011231745077736,0.9558659610643668,-1.0512082827698912,-0.09534232170552437,-0.0953423217055221,0.3742407764065651,-0.0953423217055221,2.2620794126737565e-15
trace_class_alpha_1_20,$S_1$: $\alpha=1.20$,S1,1.2,False,solid,813,1.9272179230607218,0.28011474473487064,0.9636089615303609,-1.0589518901204538,-0.09534292859009286,-0.09534292859008982,0.3742423978752746,-0.09534292859008982,3.039235529911366e-15
trace_class_alpha_1_20,$S_1$: $\alpha=1.20$,S1,1.2,False,solid,925,1.942218262796852,0.28011675776830797,0.971109131398426,-1.0664525632919981,-0.09534343189357208,-0.09534343189356807,0.3742437426118892,-0.09534343189356807,4.010680676458378e-15
trace_class_alpha_1_20,$S_1$: $\alpha=1.20$,S1,1.2,False,solid,1053,1.9568982066251717,0.2801184447605039,0.9784491033125858,-1.0737929569865858,-0.095343853674,-0.09534385367399587,0.3742448695443292,-0.09534385367399587,4.135580766728708e-15
trace_class_alpha_1_20,$S_1$: $\alpha=1.20$,S1,1.2,False,solid,1199,1.971229714209964,0.2801198544014769,0.985614857104982,-1.0809590632123813,-0.09534420610739935,-0.09534420610739615,0.37424581119998984,-0.09534420610739615,3.2057689836051395e-15
trace_class_alpha_1_20,$S_1$: $\alpha=1.20$,S1,1.2,False,solid,1364,1.98509802718396,0.2801210223636376,0.99254901359198,-1.0878935117063473,-0.0953444981143673,-0.09534449811436387,0.37424659140975325,-0.09534449811436387,3.427813588530171e-15
trace_class_alpha_1_20,$S_1$: $\alpha=1.20$,S1,1.2,False,solid,1552,1.9986336379533636,0.28012199884946587,0.9993168189766818,-1.0946615612242707,-0.09534474224758893,-0.09534474224758598,0.3742472437102683,-0.09534474224758598,2.9559688030644793e-15
trace_class_alpha_1_20,$S_1$: $\alpha=1.20$,S1,1.2,False,solid,1767,2.0118869417237533,0.28012281747691375,1.0059434708618766,-1.101288417774769,-0.09534494691289241,-0.09534494691289294,0.37424779055921875,-0.09534494691289294,5.273559366969494e-16
trace_class_alpha_1_20,$S_1$: $\alpha=1.20$,S1,1.2,False,solid,2011,2.02476303747559,0.28012349832439754,1.012381518737795,-1.107726635868573,-0.09534511713077798,-0.09534511713077612,0.37424824536956586,-0.09534511713077612,1.8596235662471372e-15
trace_class_alpha_1_20,$S_1$: $\alpha=1.20$,S1,1.2,False,solid,2288,2.037281776532966,0.2801240652272681,1.018640888266483,-1.1139861471272656,-0.0953452588607826,-0.09534525886078102,0.37424862406378206,-0.09534525886078102,1.582067810090848e-15
trace_class_alpha_1_20,$S_1$: $\alpha=1.20$,S1,1.2,False,solid,2605,2.0495480956262333,0.2801245408319334,1.0247740478131167,-1.1201194255781466,-0.09534537776502994,-0.09534537776502736,0.37424894177000245,-0.09534537776502736,2.581268532253489e-15
trace_class_alpha_1_20,$S_1$: $\alpha=1.20$,S1,1.2,False,solid,2964,2.061441659771739,0.2801249356506742,1.0307208298858694,-1.1260663063577756,-0.09534547647190617,-0.09534547647190134,0.3742492055106291,-0.09534547647190134,4.829470157119431e-15
trace_class_alpha_1_20,$S_1$: $\alpha=1.20$,S1,1.2,False,solid,3374,2.073072427217224,0.2801252662539767,1.036536213608612,-1.1318817727329133,-0.09534555912430132,-0.0953455591242963,0.37424942635492225,-0.0953455591242963,5.009881398621019e-15
trace_class_alpha_1_20,$S_1$: $\alpha=1.20$,S1,1.2,False,solid,3839,2.0843674089396327,0.28012554116137955,1.0421837044698163,-1.137529332322085,-0.09534562785226863,-0.09534562785226436,0.3742496099940383,-0.09534562785226436,4.274358644806853e-15
trace_class_alpha_1_20,$S_1$: $\alpha=1.20$,S1,1.2,False,solid,4370,2.095411554162833,0.2801257713288533,1.0477057770814164,-1.1430514624763561,-0.0953456853949397,-0.09534568539493388,0.3742497637466544,-0.09534568539493388,5.828670879282072e-15
trace_class_alpha_1_20,$S_1$: $\alpha=1.20$,S1,1.2,False,solid,4973,2.1061495622925097,0.2801259629310593,1.0530747811462549,-1.1484205144423212,-0.09534573329606633,-0.09534573329605642,0.3742498917374989,-0.09534573329605642,9.908740494779522e-15
trace_class_alpha_1_20,$S_1$: $\alpha=1.20$,S1,1.2,False,solid,5660,2.1166249067800966,0.2801261229797654,1.0583124533900483,-1.153658226698697,-0.09534577330864868,-0.09534577330864122,0.3742499986504779,-0.09534577330864122,7.466249840604178e-15
trace_class_alpha_1_20,$S_1$: $\alpha=1.20$,S1,1.2,False,solid,6442,2.1268338990573046,0.28012625652595147,1.0634169495286523,-1.1587627562241416,-0.09534580669548931,-0.0953458066954796,0.3742500878596767,-0.0953458066954796,9.71445146547012e-15
trace_class_alpha_1_20,$S_1$: $\alpha=1.20$,S1,1.2,False,solid,7331,2.1367713658459384,0.2801263678323711,1.0683856829229692,-1.1637315174452678,-0.09534583452229861,-0.09534583452229284,0.37425016221263757,-0.09534583452229284,5.773159728050814e-15
trace_class_alpha_1_20,$S_1$: $\alpha=1.20$,S1,1.2,False,solid,8344,2.146466975564199,0.2801264608175085,1.0732334877820995,-1.1685793455508282,-0.09534585776872873,-0.0953458577687265,0.3742502243269258,-0.0953458577687265,2.220446049250313e-15
trace_class_alpha_1_20,$S_1$: $\alpha=1.20$,S1,1.2,False,solid,9496,2.155907501215672,0.28012653833705775,1.077953750607836,-1.1732996277565602,-0.09534587714872411,-0.09534587714872025,0.37425027611015715,-0.09534587714872025,3.858025010572419e-15
trace_class_alpha_1_20,$S_1$: $\alpha=1.20$,S1,1.2,False,solid,10807,2.165106730650913,0.28012660301728337,1.0825533653254564,-1.1778992586443158,-0.09534589331885934,-0.09534589331885279,0.37425031931668634,-0.09534589331885279,6.5503158452884236e-15
trace_class_alpha_1_20,$S_1$: $\alpha=1.20$,S1,1.2,False,solid,12300,2.174076735549322,0.2801266570178082,1.087038367774661,-1.1823842745937059,-0.09534590681904498,-0.09534590681903829,0.3742503553891487,-0.09534590681903829,6.689093723366568e-15
trace_class_alpha_1_20,$S_1$: $\alpha=1.20$,S1,1.2,False,solid,13998,2.1828116208238715,0.28012670204221063,1.0914058104119357,-1.1867517284871192,-0.09534591807518344,-0.09534591807517732,0.37425038546554007,-0.09534591807517732,6.1201044232461754e-15
trace_class_alpha_1_20,$S_1$: $\alpha=1.20$,S1,1.2,False,solid,15931,2.191325958339016,0.2801267396208981,1.095662979169508,-1.1910089066393954,-0.09534592746988735,-0.09534592746987662,0.37425041056817704,-0.09534592746987662,1.0727529975440575e-14
trace_class_alpha_1_20,$S_1$: $\alpha=1.20$,S1,1.2,False,solid,18131,2.1996231348564472,0.2801267709761149,1.0998115674282236,-1.1951575027369294,-0.09534593530870583,-0.09534593530869988,0.37425043151352205,-0.09534593530869988,5.953570969552402e-15
trace_class_alpha_1_20,$S_1$: $\alpha=1.20$,S1,1.2,False,solid,20635,2.2077090081726034,0.28012679713935085,1.1038545040863017,-1.1992004459358283,-0.0953459418495266,-0.0953459418495231,0.374250448990613,-0.0953459418495231,3.5110803153770576e-15
trace_class_alpha_1_20,$S_1$: $\alpha=1.20$,S1,1.2,False,solid,23485,2.215588855186048,0.2801268189698063,1.107794427593024,-1.2031403749001766,-0.09534594730715251,-0.09534594730714649,0.3742504635733978,-0.09534594730714649,6.022959908591474e-15
trace_class_alpha_1_20,$S_1$: $\alpha=1.20$,S1,1.2,False,solid,26728,2.2232660793927104,0.280126837180782,1.1116330396963552,-1.2069789915562579,-0.09534595185990269,-0.09534595185989754,0.37425047573836295,-0.09534595185989754,5.1486592766991635e-15
trace_class_alpha_1_20,$S_1$: $\alpha=1.20$,S1,1.2,False,solid,30419,2.230747601026191,0.2801268523760248,1.1153738005130955,-1.2107197561718086,-0.09534595565871307,-0.09534595565871319,0.3742504858888127,-0.09534595565871319,1.249000902703301e-16
trace_class_alpha_1_20,$S_1$: $\alpha=1.20$,S1,1.2,False,solid,34620,2.238038536992155,0.2801268650550495,1.1190192684960776,-1.2143652273245573,-0.09534595882847974,-0.09534595882847306,0.374250494358424,-0.09534595882847306,6.675215935558754e-15
trace_class_alpha_1_20,$S_1$: $\alpha=1.20$,S1,1.2,False,solid,39401,2.245143027767674,0.28012687563342786,1.122571513883837,-1.217917475356923,-0.09534596147308605,-0.09534596147307005,0.3742505014247996,-0.09534596147307005,1.600108934241007e-14
trace_class_alpha_1_20,$S_1$: $\alpha=1.20$,S1,1.2,False,solid,44842,2.2520657845329892,0.2801268844591695,1.1260328922664946,-1.2213788559460275,-0.09534596367953285,-0.09534596367950743,0.37425050732041065,-0.09534596367950743,2.5424107263916085e-14
trace_class_alpha_1_20,$S_1$: $\alpha=1.20$,S1,1.2,False,solid,51035,2.258812394427804,0.28012689182365147,1.129406197213902,-1.2247521627345637,-0.09534596552066166,-0.09534596552062946,0.3742505122398976,-0.09534596552062946,3.219646771412954e-14
trace_class_alpha_1_20,$S_1$: $\alpha=1.20$,S1,1.2,False,solid,58082,2.2653855755526053,0.28012689796718965,1.1326927877763027,-1.2280387548328389,-0.0953459670565362,-0.09534596705651492,0.37425051634379186,-0.09534596705651492,2.1274648709379562e-14
trace_class_alpha_1_20,$S_1$: $\alpha=1.20$,S1,1.2,False,solid,66104,2.271792338611909,0.28012690309422916,1.1358961693059546,-1.2312421376442402,-0.09534596833828557,-0.09534596833827547,0.37425051976866325,-0.09534596833827547,1.0103029524088925e-14
trace_class_alpha_1_20,$S_1$: $\alpha=1.20$,S1,1.2,False,solid,75232,2.278034221806711,0.2801269073711124,1.1390171109033556,-1.2343630803108674,-0.09534596940751183,-0.09534596940749678,0.3742505226256287,-0.09534596940749678,1.5057399771478686e-14
trace_class_alpha_1_20,$S_1$: $\alpha=1.20$,S1,1.2,False,solid,85622,2.2841175513525487,0.28012691094005054,1.1420587756762743,-1.237404745976009,-0.09534597029973457,-0.0953459702997317,0.37425052500968553,-0.0953459702997317,2.8727020762175925e-15
trace_class_alpha_1_20,$S_1$: $\alpha=1.20$,S1,1.2,False,solid,97446,2.2900450820051224,0.2801269139175725,1.1450225410025612,-1.2403685120466794,-0.09534597104411824,-0.09534597104411252,0.3742505269986754,-0.09534597104411252,5.717648576819556e-15
trace_class_alpha_1_20,$S_1$: $\alpha=1.20$,S1,1.2,False,solid,110903,2.295821295330843,0.2801269164019069,1.1479106476654215,-1.2432566193306167,-0.0953459716651952,-0.09534597166519627,0.37425052865821506,-0.09534597166519627,1.0685896612017132e-15
trace_class_alpha_1_20,$S_1$: $\alpha=1.20$,S1,1.2,False,solid,126219,2.301450203718943,0.2801269184747897,1.1507251018594715,-1.2460710740428709,-0.09534597218339935,-0.09534597218341703,0.3742505300429044,-0.09534597218341703,1.7680301667155618e-14
trace_class_alpha_1_20,$S_1$: $\alpha=1.20$,S1,1.2,False,solid,143649,2.3069350053702773,0.28012692020419344,1.1534675026851386,-1.2488134753008937,-0.09534597261575506,-0.09534597261576809,0.37425053119814905,-0.09534597261576809,1.3031242751537775e-14
trace_class_alpha_1_20,$S_1$: $\alpha=1.20$,S1,1.2,False,solid,163487,2.312279990956789,0.280126921647196,1.1561399954783944,-1.2514859684548951,-0.09534597297650071,-0.09534597297651877,0.3742505321620772,-0.09534597297651877,1.8055001937966608e-14
trace_class_alpha_1_20,$S_1$: $\alpha=1.20$,S1,1.2,False,solid,186064,2.3174883301475604,0.2801269228511338,1.1587441650737802,-1.25409013835126,-0.09534597327747973,-0.09534597327750323,0.3742505329663097,-0.09534597327750323,2.3495094758629875e-14
trace_class_alpha_1_20,$S_1$: $\alpha=1.20$,S1,1.2,False,solid,211759,2.322563687597924,0.2801269238556497,1.161281843798962,-1.2566278173275804,-0.0953459735286184,-0.09534597352863222,0.3742505336373281,-0.09534597352863222,1.3822276656583199e-14
trace_class_alpha_1_20,$S_1$: $\alpha=1.20$,S1,1.2,False,solid,241003,2.327509514117562,0.28012692469378186,1.163754757058781,-1.2591007307969475,-0.09534597373816656,-0.09534597373816531,0.37425053419720183,-0.09534597373816531,1.2490009027033011e-15
trace_class_alpha_1_20,$S_1$: $\alpha=1.20$,S1,1.2,False,solid,274285,2.3323289428425533,0.280126925393065,1.1661644714212767,-1.2615104453342856,-0.09534597391300892,-0.09534597391298609,0.3742505346643242,-0.09534597391298609,2.282896094385478e-14
trace_class_alpha_1_20,$S_1$: $\alpha=1.20$,S1,1.2,False,solid,312163,2.3370252654725303,0.28012692597651295,1.1685126327362652,-1.2638586067951352,-0.09534597405887002,-0.0953459740588481,0.3742505350540684,-0.0953459740588481,2.1926904736346842e-14
trace_class_alpha_1_20,$S_1$: $\alpha=1.20$,S1,1.2,False,solid,355273,2.3416017596483436,0.28012692646331994,1.1708008798241718,-1.2661468540047127,-0.09534597418054092,-0.09534597418054985,0.3742505353792563,-0.09534597418054985,8.93729534823251e-15
trace_class_alpha_1_20,$S_1$: $\alpha=1.20$,S1,1.2,False,solid,404335,2.3460612405159544,0.2801269268694828,1.1730306202579772,-1.2683765945400685,-0.09534597428209124,-0.09534597428209059,0.3742505356505738,-0.09534597428209059,6.522560269672795e-16
trace_class_alpha_1_20,$S_1$: $\alpha=1.20$,S1,1.2,False,solid,460173,2.3504068793550985,0.2801269272083698,1.1752034396775493,-1.2705494140443454,-0.09534597436679615,-0.09534597436681234,0.3742505358769509,-0.09534597436681234,1.619537837171947e-14
trace_class_alpha_1_20,$S_1$: $\alpha=1.20$,S1,1.2,False,solid,523722,2.3546415231241347,0.28012692749111734,1.1773207615620673,-1.2726667359995567,-0.09534597443748938,-0.09534597443749923,0.3742505360658267,-0.09534597443749923,9.853229343548264e-15
trace_class_alpha_1_20,$S_1$: $\alpha=1.20$,S1,1.2,False,solid,596048,2.3587680683011345,0.2801269277270206,1.1793840341505673,-1.2747300086470321,-0.09534597449646487,-0.09534597449647504,0.3742505362234105,-0.09534597449647504,1.0172418463127997e-14
trace_class_alpha_1_20,$S_1$: $\alpha=1.20$,S1,1.2,False,solid,678361,2.362789165950344,0.28012692792383886,1.181394582975172,-1.2767405575208686,-0.0953459745456966,-0.09534597454567961,0.3742505363548854,-0.09534597454567961,1.6986412276764895e-14
trace_class_alpha_1_20,$S_1$: $\alpha=1.20$,S1,1.2,False,solid,772041,2.36670755581987,0.28012692808805023,1.183353777909935,-1.2786997524966757,-0.09534597458674066,-0.09534597458673245,0.3742505364645789,-0.09534597458673245,8.201772594418344e-15
trace_class_alpha_1_20,$S_1$: $\alpha=1.20$,S1,1.2,False,solid,878659,2.370525904979681,0.28012692822507673,1.1852629524898406,-1.2806089271108112,-0.09534597462097061,-0.09534597462098908,0.37425053655611284,-0.09534597462098908,1.8471335572201042e-14
trace_class_alpha_1_20,$S_1$: $\alpha=1.20$,S1,1.2,False,solid,1000000,2.374246710218633,0.28012692833953995,1.1871233551093165,-1.2824693297588756,-0.09534597464955907,-0.09534597464960488,0.37425053663257446,-0.09534597464960488,4.581057755359552e-14
hs_not_trace_alpha_0_60,$S_2\setminus S_1$: $\alpha=0.60$,S2_not_S1,0.6,False,solid,10,2.0031272443326578,0.49971195644734706,1.0015636221663289,-1.1625896963816926,-0.16102607421536375,-0.16102607421536405,0.49985595747542466,-0.16102607421536405,3.0531133177191805e-16
hs_not_trace_alpha_0_60,$S_2\setminus S_1$: $\alpha=0.60$,S2_not_S1,0.6,False,solid,11,2.1098794612304297,0.5111079922599361,1.0549397306152148,-1.2190353283392905,-0.16409559772407567,-0.16409559772407584,0.5055234872189106,-0.16409559772407584,1.6653345369377348e-16
hs_not_trace_alpha_0_60,$S_2\setminus S_1$: $\alpha=0.60$,S2_not_S1,0.6,False,solid,13,2.307772413823329,0.530700088856088,1.1538862069116644,-1.3232294219836824,-0.169343215072018,-0.16934321507201833,0.5151213880514417,-0.16934321507201833,3.3306690738754696e-16
hs_not_trace_alpha_0_60,$S_2\setminus S_1$: $\alpha=0.60$,S2_not_S1,0.6,False,solid,15,2.4887687320104024,0.5470869375958756,1.2443843660052012,-1.4180897990909465,-0.17370543308574526,-0.17370543308574563,0.5230138323198897,-0.17370543308574563,3.608224830031759e-16
hs_not_trace_alpha_0_60,$S_2\setminus S_1$: $\alpha=0.60$,S2_not_S1,0.6,False,solid,17,2.6562412933306696,0.5611151046882086,1.3281206466653348,-1.5055422326514543,-0.17742158598611946,-0.17742158598611968,0.5296768376511326,-0.17742158598611968,2.220446049250313e-16
hs_not_trace_alpha_0_60,$S_2\setminus S_1$: $\alpha=0.60$,S2_not_S1,0.6,False,solid,19,2.8125891043572806,0.5733406387470141,1.4062945521786403,-1.5869418694288253,-0.180647317250185,-0.18064731725018518,0.5354160245766904,-0.18064731725018518,1.6653345369377348e-16
hs_not_trace_alpha_0_60,$S_2\setminus S_1$: $\alpha=0.60$,S2_not_S1,0.6,False,solid,22,3.030018255204195,0.5891077120376401,1.5150091276020976,-1.6997999008011209,-0.18479077319902326,-0.18479077319902332,0.5427281603333478,-0.18479077319902332,5.551115123125783e-17
hs_not_trace_alpha_0_60,$S_2\setminus S_1$: $\alpha=0.60$,S2_not_S1,0.6,False,solid,25,3.2306725954755557,0.6025340347606751,1.6153362977377779,-1.8036413967624416,-0.18830509902466375,-0.18830509902466377,0.5488779621922687,-0.18830509902466377,2.7755575615628914e-17
hs_not_trace_alpha_0_60,$S_2\setminus S_1$: $\alpha=0.60$,S2_not_S1,0.6,False,solid,28,3.417614347719437,0.6141869478127835,1.7088071738597186,-1.9001525677828919,-0.1913453939231733,-0.19134539392317346,0.5541601518571971,-0.19134539392317346,1.6653345369377348e-16
hs_not_trace_alpha_0_60,$S_2\setminus S_1$: $\alpha=0.60$,S2_not_S1,0.6,False,solid,32,3.6493394636228387,0.6276175890255725,1.8246697318114193,-2.0195085110024817,-0.1948387791910624,-0.19483877919106216,0.5601863926522905,-0.19483877919106216,2.498001805406602e-16
hs_not_trace_alpha_0_60,$S_2\setminus S_1$: $\alpha=0.60$,S2_not_S1,0.6,False,solid,36,3.864518626362927,0.639197491358798,1.9322593131814636,-2.130101355878603,-0.19784204269713923,-0.197842042697139,0.5653306516361898,-0.197842042697139,2.220446049250313e-16
hs_not_trace_alpha_0_60,$S_2\setminus S_1$: $\alpha=0.60$,S2_not_S1,0.6,False,solid,41,4.114448550296518,0.6516964129636508,2.057224275148259,-2.258299352178008,-0.20107507702974914,-0.2010750770297483,0.5708311540918429,-0.2010750770297483,8.326672684688674e-16
hs_not_trace_alpha_0_60,$S_2\setminus S_1$: $\alpha=0.60$,S2_not_S1,0.6,False,solid,47,4.3915605287833115,0.6645017264372632,2.1957802643916557,-2.400158899536181,-0.20437863514452514,-0.20437863514452434,0.5764120602647308,-0.20437863514452434,8.049116928532385e-16
hs_not_trace_alpha_0_60,$S_2\setminus S_1$: $\alpha=0.60$,S2_not_S1,0.6,False,solid,54,4.6894736218825175,0.6771876542653616,2.3447368109412587,-2.552379993529105,-0.2076431825878462,-0.2076431825878457,0.5818881568932992,-0.2076431825878457,4.996003610813204e-16
hs_not_trace_alpha_0_60,$S_2\setminus S_1$: $\alpha=0.60$,S2_not_S1,0.6,False,solid,61,4.965215013489538,0.6880542167701889,2.482607506744769,-2.693040914300434,-0.21043340755566486,-0.2104334075556635,0.5865382411958272,-0.2104334075556635,1.3600232051658168e-15
hs_not_trace_alpha_0_60,$S_2\setminus S_1$: $\alpha=0.60$,S2_not_S1,0.6,False,solid,70,5.293346768360643,0.7000242114534375,2.6466733841803216,-2.8601741612119196,-0.21350077703159798,-0.2135007770315967,0.5916182094279374,-0.2135007770315967,1.27675647831893e-15
hs_not_trace_alpha_0_60,$S_2\setminus S_1$: $\alpha=0.60$,S2_not_S1,0.6,False,solid,79,5.5972012631925505,0.7102872159136913,2.7986006315962753,-3.014726464619031,-0.21612583302275556,-0.2161258330227549,0.5959392653256249,-0.2161258330227549,6.661338147750939e-16
hs_not_trace_alpha_0_60,$S_2\setminus S_1$: $\alpha=0.60$,S2_not_S1,0.6,False,solid,90,5.94174378727938,0.7210843854738362,2.97087189363969,-3.189754801938394,-0.21888290829870405,-0.218882908298703,0.6004516572855121,-0.218882908298703,1.0547118733938987e-15
hs_not_trace_alpha_0_60,$S_2\setminus S_1$: $\alpha=0.60$,S2_not_S1,0.6,False,solid,103,6.3179305732073345,0.7319761186097852,3.1589652866036673,-3.3806248847734532,-0.22165959816978598,-0.22165959816978498,0.6049694697295828,-0.22165959816978498,9.992007221626409e-16
hs_not_trace_alpha_0_60,$S_2\setminus S_1$: $\alpha=0.60$,S2_not_S1,0.6,False,solid,117,6.692559269031047,0.7420056959102472,3.3462796345155237,-3.570492320180578,-0.22421268566505415,-0.22421268566505276,0.6091000311567252,-0.22421268566505276,1.3877787807814457e-15
hs_not_trace_alpha_0_60,$S_2\setminus S_1$: $\alpha=0.60$,S2_not_S1,0.6,False,solid,133,7.089227988103801,0.7518446150707159,3.5446139940519004,-3.771327876331397,-0.22671388227949674,-0.22671388227949466,0.613125034177661,-0.22671388227949466,2.0816681711721685e-15
hs_not_trace_alpha_0_60,$S_2\setminus S_1$: $\alpha=0.60$,S2_not_S1,0.6,False,solid,151,7.5027254503313925,0.7613480574227832,3.7513627251656962,-3.9804895286929476,-0.22912680352725134,-0.22912680352725018,0.616987867556074,-0.22912680352725018,1.1657341758564144e-15
hs_not_trace_alpha_0_60,$S_2\setminus S_1$: $\alpha=0.60$,S2_not_S1,0.6,False,solid,172,7.949423980552066,0.7708547348653688,3.974711990276033,-4.2062497489004755,-0.2315377586244427,-0.23153775862444165,0.6208279692738435,-0.23153775862444165,1.0547118733938987e-15
hs_not_trace_alpha_0_60,$S_2\setminus S_1$: $\alpha=0.60$,S2_not_S1,0.6,False,solid,196,8.421617316781225,0.7801497290822029,4.210808658390612,-4.444701134093417,-0.23389247570280425,-0.23389247570280172,0.6245597365673691,-0.23389247570280172,2.525757381022231e-15
hs_not_trace_alpha_0_60,$S_2\setminus S_1$: $\alpha=0.60$,S2_not_S1,0.6,False,solid,223,8.913126835112278,0.7891016396034407,4.456563417556139,-4.692721435304005,-0.23615801774786593,-0.23615801774786627,0.6281328042712945,-0.23615801774786627,3.3306690738754696e-16
hs_not_trace_alpha_0_60,$S_2\setminus S_1$: $\alpha=0.60$,S2_not_S1,0.6,False,solid,254,9.43531605371051,0.7979022673060813,4.717658026855255,-4.956041251231863,-0.23838322437660775,-0.2383832243766097,0.6316257860893906,-0.2383832243766097,1.942890293094024e-15
hs_not_trace_alpha_0_60,$S_2\setminus S_1$: $\alpha=0.60$,S2_not_S1,0.6,False,solid,289,9.98085665514747,0.8064097724067911,4.990428327573735,-5.230960813420001,-0.2405324858462663,-0.24053248584626988,0.634984162167369,-0.24053248584626988,3.58046925441613e-15
hs_not_trace_alpha_0_60,$S_2\setminus S_1$: $\alpha=0.60$,S2_not_S1,0.6,False,solid,329,10.557844368985554,0.8147368227906858,5.278922184492777,-5.521556691903019,-0.24263450741024162,-0.24263450741024317,0.6382541902685347,-0.24263450741024317,1.5543122344752192e-15
hs_not_trace_alpha_0_60,$S_2\setminus S_1$: $\alpha=0.60$,S2_not_S1,0.6,False,solid,374,11.15871870019621,0.8227640981500044,5.579359350098105,-5.824018739580885,-0.24465938948277977,-0.24465938948277885,0.6413907148337916,-0.24465938948277885,9.159339953157541e-16
hs_not_trace_alpha_0_60,$S_2\setminus S_1$: $\alpha=0.60$,S2_not_S1,0.6,False,solid,426,11.801328829169618,0.8307094278533302,5.900664414584809,-6.1473266712542225,-0.24666225666941344,-0.24666225666941133,0.6444801889326507,-0.24666225666941133,2.1094237467877974e-15
hs_not_trace_alpha_0_60,$S_2\setminus S_1$: $\alpha=0.60$,S2_not_S1,0.6,False,solid,485,12.475820863981507,0.8384241494472762,6.237910431990754,-6.48651621058818,-0.24860577859742605,-0.24860577859742533,0.6474658869188693,-0.24860577859742533,7.216449660063518e-16
hs_not_trace_alpha_0_60,$S_2\setminus S_1$: $\alpha=0.60$,S2_not_S1,0.6,False,solid,552,13.184544330796184,0.845924757465952,6.592272165398092,-6.842766438857465,-0.25049427345937314,-0.2504942734593791,0.6503555786898241,-0.2504942734593791,5.9396931817445875e-15
hs_not_trace_alpha_0_60,$S_2\setminus S_1$: $\alpha=0.60$,S2_not_S1,0.6,False,solid,628,13.928560440372577,0.8532120705233469,6.964280220186288,-7.216608312056738,-0.25232809187044936,-0.25232809187045835,0.6531508518418034,-0.25232809187045835,8.992806499463768e-15
hs_not_trace_alpha_0_60,$S_2\setminus S_1$: $\alpha=0.60$,S2_not_S1,0.6,False,solid,714,14.707975347157031,0.86027936495793,7.353987673578516,-7.608093347973168,-0.25410567439465215,-0.2541056743946577,0.6558503506738141,-0.2541056743946577,5.551115123125783e-15
hs_not_trace_alpha_0_60,$S_2\setminus S_1$: $\alpha=0.60$,S2_not_S1,0.6,False,solid,813,15.538368642221961,0.8672480653773248,7.769184321110981,-8.025041984335937,-0.2558576632249565,-0.2558576632249552,0.6585013535966819,-0.2558576632249552,1.3322676295501878e-15
hs_not_trace_alpha_0_60,$S_2\setminus S_1$: $\alpha=0.60$,S2_not_S1,0.6,False,solid,925,16.40764417897716,0.8739982182585833,8.20382208948858,-8.461376082687133,-0.25755399319855243,-0.257553993198544,0.6610590814210873,-0.257553993198544,8.43769498715119e-15
hs_not_trace_alpha_0_60,$S_2\setminus S_1$: $\alpha=0.60$,S2_not_S1,0.6,False,solid,1053,17.32695876574478,0.8806041929813274,8.66347938287239,-8.922692828176475,-0.2592134453040842,-0.2592134453040797,0.663552632796121,-0.2592134453040797,4.496403249731884e-15
hs_not_trace_alpha_0_60,$S_2\setminus S_1$: $\alpha=0.60$,S2_not_S1,0.6,False,solid,1199,18.297064152916867,0.8870533713944844,9.148532076458434,-9.409365001448455,-0.2608329249900212,-0.2608329249900102,0.6659779919015659,-0.2608329249900102,1.099120794378905e-14
hs_not_trace_alpha_0_60,$S_2\setminus S_1$: $\alpha=0.60$,S2_not_S1,0.6,False,solid,1364,19.311563704734894,0.8932941122327823,9.655781852367447,-9.918181393834017,-0.26239954146656963,-0.2623995414665504,0.6683165837508382,-0.2623995414665504,1.9206858326015208e-14
hs_not_trace_alpha_0_60,$S_2\setminus S_1$: $\alpha=0.60$,S2_not_S1,0.6,False,solid,1552,20.38139573123807,0.8993851370790139,10.190697865619034,-10.454625970831577,-0.2639281052125426,-0.2639281052125181,0.6705912082181714,-0.2639281052125181,2.453592884421596e-14
hs_not_trace_alpha_0_60,$S_2\setminus S_1$: $\alpha=0.60$,S2_not_S1,0.6,False,solid,1767,21.51347803107813,0.9053491237756882,10.756739015539065,-11.022163377414028,-0.2654243618749632,-0.26542436187495155,0.6728109406719276,-0.26542436187495155,1.1657341758564144e-14
hs_not_trace_alpha_0_60,$S_2\setminus S_1$: $\alpha=0.60$,S2_not_S1,0.6,False,solid,2011,22.702211128979975,0.911143366864016,11.351105564489988,-11.617983213947971,-0.2668776494579834,-0.2668776494579542,0.674960505090489,-0.2668776494579542,2.919886554764162e-14
hs_not_trace_alpha_0_60,$S_2\setminus S_1$: $\alpha=0.60$,S2_not_S1,0.6,False,solid,2288,23.951083400390207,0.9167767994398356,11.975541700195103,-12.243831959543316,-0.2682902593482126,-0.2682902593481893,0.6770438683866192,-0.2682902593481893,2.3314683517128287e-14
hs_not_trace_alpha_0_60,$S_2\setminus S_1$: $\alpha=0.60$,S2_not_S1,0.6,False,solid,2605,25.273546019314402,0.9222966430318078,12.636773009657201,-12.906447083812493,-0.2696740741552919,-0.26967407415524786,0.6790790245000238,-0.26967407415524786,4.4020342926387457e-14
hs_not_trace_alpha_0_60,$S_2\setminus S_1$: $\alpha=0.60$,S2_not_S1,0.6,False,solid,2964,26.65934731874506,0.9276487468972846,13.32967365937253,-13.600689216301951,-0.2710155569294219,-0.27101555692936247,0.6810465281085003,-0.27101555692936247,5.945244296867713e-14
hs_not_trace_alpha_0_60,$S_2\setminus S_1$: $\alpha=0.60$,S2_not_S1,0.6,False,solid,3374,28.123859803483757,0.932882592247754,14.061929901741879,-14.334257047406185,-0.27232714566430616,-0.27232714566426774,0.6829650767966668,-0.27232714566426774,3.8413716652030416e-14
hs_not_trace_alpha_0_60,$S_2\setminus S_1$: $\alpha=0.60$,S2_not_S1,0.6,False,solid,3839,29.660835335792786,0.9379653340228375,14.830417667896393,-15.104018308800203,-0.2736006409038101,-0.2736006409037889,0.6848230917626966,-0.2736006409037889,2.120525977034049e-14
hs_not_trace_alpha_0_60,$S_2\setminus S_1$: $\alpha=0.60$,S2_not_S1,0.6,False,solid,4370,31.284926054286704,0.9429351993732766,15.642463027143352,-15.917308676208016,-0.27484564906466424,-0.27484564906465253,0.6866349828596255,-0.27484564906465253,1.1712852909795402e-14
hs_not_trace_alpha_0_60,$S_2\setminus S_1$: $\alpha=0.60$,S2_not_S1,0.6,False,solid,4973,32.991471965211915,0.9477673030316308,16.495735982605957,-16.771791943948283,-0.27605596134232613,-0.276055961342341,0.6883920768833814,-0.276055961342341,1.4876988529977098e-14
hs_not_trace_alpha_0_60,$S_2\setminus S_1$: $\alpha=0.60$,S2_not_S1,0.6,False,solid,5660,34.79059035384563,0.9524812080510455,17.395295176922815,-17.672531678112822,-0.2772365011900071,-0.27723650118999343,0.6901018794536954,-0.27723650118999343,1.3655743202889425e-14
hs_not_trace_alpha_0_60,$S_2\setminus S_1$: $\alpha=0.60$,S2_not_S1,0.6,False,solid,6442,36.68551526036062,0.9570752545757902,18.34275763018031,-18.62114450361842,-0.2783868734381123,-0.2783868734381012,0.6917641413718227,-0.2783868734381012,1.1102230246251565e-14
hs_not_trace_alpha_0_60,$S_2\setminus S_1$: $\alpha=0.60$,S2_not_S1,0.6,False,solid,7331,38.67887715944573,0.961547114630674,19.339438579722867,-19.618945093846023,-0.2795065141231561,-0.27950651412312627,0.6933783651912836,-0.27950651412312627,2.980948821118545e-14
hs_not_trace_alpha_0_60,$S_2\setminus S_1$: $\alpha=0.60$,S2_not_S1,0.6,False,solid,8344,40.7806677563738,0.9659101390038889,20.3903338781869,-20.670932661024796,-0.2805987828378953,-0.28059878283779277,0.6949496884681253,-0.28059878283779277,1.0252909632413321e-13
hs_not_trace_alpha_0_60,$S_2\setminus S_1$: $\alpha=0.60$,S2_not_S1,0.6,False,solid,9496,42.992344538594345,0.970158375547051,21.496172269297173,-21.77783447393592,-0.2816622046387458,-0.28166220463869784,0.6964762650467893,-0.28166220463869784,4.796163466380676e-14
hs_not_trace_alpha_0_60,$S_2\setminus S_1$: $\alpha=0.60$,S2_not_S1,0.6,False,solid,10807,45.32137092167109,0.9742980287929153,22.660685460835545,-22.94338380735625,-0.2826983465207036,-0.2826983465206933,0.697960610920457,-0.2826983465206933,1.0269562977782698e-14
hs_not_trace_alpha_0_60,$S_2\setminus S_1$: $\alpha=0.60$,S2_not_S1,0.6,False,solid,12300,47.77564715595852,0.9783345309972,23.88782357797926,-24.171532158435515,-0.28370858045625624,-0.2837085804562969,0.6994049367130604,-0.2837085804562969,4.063416270128073e-14
hs_not_trace_alpha_0_60,$S_2\setminus S_1$: $\alpha=0.60$,S2_not_S1,0.6,False,solid,13998,50.358471041392114,0.9822652293707429,25.179235520696057,-25.46392777438277,-0.284692253686714,-0.28469225368691503,0.7008085435305219,-0.28469225368691503,2.010058786083846e-13
hs_not_trace_alpha_0_60,$S_2\setminus S_1$: $\alpha=0.60$,S2_not_S1,0.6,False,solid,15931,53.07922107181524,0.9860966812525569,26.53961053590762,-26.82526155323174,-0.28565101732412046,-0.2856510173243717,0.7021740102184632,-0.2856510173243717,2.512434704726729e-13
hs_not_trace_alpha_0_60,$S_2\setminus S_1$: $\alpha=0.60$,S2_not_S1,0.6,False,solid,18131,55.94454536905537,0.9898304106854002,27.972272684527685,-28.258857946299187,-0.2865852617715028,-0.286585261771783,0.7035021004536519,-0.286585261771783,2.802202914153895e-13
hs_not_trace_alpha_0_60,$S_2\setminus S_1$: $\alpha=0.60$,S2_not_S1,0.6,False,solid,20635,58.96225806304321,0.9934690536776744,29.481129031521604,-29.76862468629395,-0.2874956547723464,-0.28749565477275885,0.704793960557862,-0.28749565477275885,4.1244785364824565e-13
hs_not_trace_alpha_0_60,$S_2\setminus S_1$: $\alpha=0.60$,S2_not_S1,0.6,False,solid,23485,62.14043864704751,0.9970149848337174,31.070219323523755,-31.358602121341878,-0.28838279781812304,-0.28838279781839443,0.7060506302078192,-0.28838279781839443,2.713940183696195e-13
hs_not_trace_alpha_0_60,$S_2\setminus S_1$: $\alpha=0.60$,S2_not_S1,0.6,False,solid,26728,65.48680028188117,1.0004697357267163,32.74340014094059,-33.03264722168346,-0.2892470807428751,-0.28924708074321964,0.7072728383469551,-0.28924708074321964,3.4455771569241733e-13
hs_not_trace_alpha_0_60,$S_2\setminus S_1$: $\alpha=0.60$,S2_not_S1,0.6,False,solid,30419,69.01103046467055,1.00383642046178,34.50551523233528,-34.79560452094629,-0.29008928861101424,-0.2900892886113797,0.7084618622275232,-0.2900892886113797,3.6548541970660153e-13
hs_not_trace_alpha_0_60,$S_2\setminus S_1$: $\alpha=0.60$,S2_not_S1,0.6,False,solid,34620,72.72266531425915,1.0071173416464676,36.36133265712957,-36.652242659965616,-0.29091000283604274,-0.29091000283631574,0.7096186798719675,-0.29091000283631574,2.73003841755326e-13
hs_not_trace_alpha_0_60,$S_2\setminus S_1$: $\alpha=0.60$,S2_not_S1,0.6,False,solid,39401,76.63128232129478,1.0103143624954485,38.31564116064739,-38.6073508550117,-0.2917096943643145,-0.2917096943647742,0.7107441039134438,-0.2917096943647742,4.596878433460461e-13
hs_not_trace_alpha_0_60,$S_2\setminus S_1$: $\alpha=0.60$,S2_not_S1,0.6,False,solid,44842,80.74729000322672,1.0134296030398466,40.37364500161336,-40.66613389950199,-0.2924888978886315,-0.2924888978883942,0.7118390278145217,-0.2924888978883942,2.373101715136272e-13
hs_not_trace_alpha_0_60,$S_2\setminus S_1$: $\alpha=0.60$,S2_not_S1,0.6,False,solid,51035,85.08230491258416,1.0164655774925175,42.54115245629208,-42.8344007025264,-0.2932482462343202,-0.29324824623392715,0.7129044737875185,-0.29324824623392715,3.9307446186853667e-13
hs_not_trace_alpha_0_60,$S_2\setminus S_1$: $\alpha=0.60$,S2_not_S1,0.6,False,solid,58082,89.64674203539495,1.0194235089986683,44.823371017697475,-45.11735906659969,-0.2939880489022144,-0.29398804890206043,0.713941002113854,-0.29398804890206043,1.539879335155092e-13
hs_not_trace_alpha_0_60,$S_2\setminus S_1$: $\alpha=0.60$,S2_not_S1,0.6,False,solid,66104,94.45466946619017,1.0223065523753412,47.227334733095084,-47.522043831249285,-0.29470909815420043,-0.29470909815390284,0.7149498417285444,-0.29470909815390284,2.975952817507732e-13
hs_not_trace_alpha_0_60,$S_2\setminus S_1$: $\alpha=0.60$,S2_not_S1,0.6,False,solid,75232,99.51691168833702,1.025115399813004,49.75845584416851,-50.053867414175045,-0.29541157000653584,-0.29541157000595275,0.7159313513923679,-0.29541157000595275,5.830891325331322e-13
hs_not_trace_alpha_0_60,$S_2\setminus S_1$: $\alpha=0.60$,S2_not_S1,0.6,False,solid,85622,104.84873442367568,1.027852898108622,52.42436721183784,-52.72046339087711,-0.2960961790392673,-0.29609617903849034,0.7168866361247858,-0.29609617903849034,7.769895837839158e-13
hs_not_trace_alpha_0_60,$S_2\setminus S_1$: $\alpha=0.60$,S2_not_S1,0.6,False,solid,97446,110.4633029541937,1.0305202869022732,55.23165147709685,-55.52841471472114,-0.29676323762429035,-0.29676323762373524,0.7178162323681017,-0.29676323762373524,5.551115123125783e-13
hs_not_trace_alpha_0_60,$S_2\setminus S_1$: $\alpha=0.60$,S2_not_S1,0.6,False,solid,110903,116.37610048678296,1.0331195828988398,58.18805024339148,-58.48546349561759,-0.29741325222610726,-0.2974132522253674,0.7187209412904426,-0.2974132522253674,7.398526236102043e-13
hs_not_trace_alpha_0_60,$S_2\setminus S_1$: $\alpha=0.60$,S2_not_S1,0.6,False,solid,126219,122.60314586169136,1.035652591673472,61.30157293084568,-61.59961960713183,-0.2980466762861482,-0.2980466762853441,0.7196014840428944,-0.2980466762853441,8.041345367360009e-13
hs_not_trace_alpha_0_60,$S_2\setminus S_1$: $\alpha=0.60$,S2_not_S1,0.6,False,solid,143649,129.16046667607915,1.0381207524165559,64.58023333803958,-64.87889720946853,-0.2986638714289569,-0.2986638714276669,0.7204584486341166,-0.2986638714276669,1.2899681323119694e-12
hs_not_trace_alpha_0_60,$S_2\setminus S_1$: $\alpha=0.60$,S2_not_S1,0.6,False,solid,163487,136.0663538133602,1.0405259959304876,68.0331769066801,-68.3324422287141,-0.29926532203400313,-0.29926532203270884,0.7212925883199159,-0.29926532203270884,1.2942980021080075e-12
hs_not_trace_alpha_0_60,$S_2\setminus S_1$: $\alpha=0.60$,S2_not_S1,0.6,False,solid,186064,143.3387916266782,1.042869748566334,71.6693958133391,-71.9692471995164,-0.2998513861773091,-0.29985138617566404,0.7221044760165714,-0.29985138617566404,1.6450729667383257e-12
hs_not_trace_alpha_0_60,$S_2\setminus S_1$: $\alpha=0.60$,S2_not_S1,0.6,False,solid,211759,150.99748877850587,1.0451536594189963,75.49874438925293,-75.79916686674109,-0.300422477488155,-0.3004224774859673,0.7228947570078913,-0.3004224774859673,2.187694470023871e-12
hs_not_trace_alpha_0_60,$S_2\setminus S_1$: $\alpha=0.60$,S2_not_S1,0.6,False,solid,241003,159.06305927140073,1.0473792813528453,79.53152963570037,-79.83250862109941,-0.3009789853990412,-0.3009789853987838,0.7236640385402764,-0.3009789853987838,2.5740520825934254e-13
hs_not_trace_alpha_0_60,$S_2\setminus S_1$: $\alpha=0.60$,S2_not_S1,0.6,False,solid,274285,167.55681480300902,1.0495480242791155,83.77840740150451,-84.07992866499092,-0.30152126348640707,-0.30152126348662195,0.7244128740846326,-0.30152126348662195,2.1488366641619905e-13
hs_not_trace_alpha_0_60,$S_2\setminus S_1$: $\alpha=0.60$,S2_not_S1,0.6,False,solid,312163,176.50159660517883,1.0516613694625874,88.25079830258942,-88.55284798564658,-0.30204968305716307,-0.3020496830575453,0.7251418376643936,-0.3020496830575453,3.822497873784414e-13
hs_not_trace_alpha_0_60,$S_2\setminus S_1$: $\alpha=0.60$,S2_not_S1,0.6,False,solid,355273,185.9216362740682,1.0537207918416933,92.9608181370341,-93.26338275077708,-0.3025646137429874,-0.302564613741293,0.7258514971540988,-0.302564613741293,1.6943668690316827e-12
hs_not_trace_alpha_0_60,$S_2\setminus S_1$: $\alpha=0.60$,S2_not_S1,0.6,False,solid,404335,195.8416448168703,1.0557275582321042,97.92082240843516,-98.22388878148013,-0.3030663730449703,-0.30306637304289336,0.7265423450261189,-0.30306637304289336,2.0769497233175116e-12
hs_not_trace_alpha_0_60,$S_2\setminus S_1$: $\alpha=0.60$,S2_not_S1,0.6,False,solid,460173,206.28858261872642,1.0576830957096786,103.14429130936321,-103.44784662782646,-0.30355531846325334,-0.3035553184602413,0.7272149254895964,-0.3035553184602413,3.0120350658080497e-12
hs_not_trace_alpha_0_60,$S_2\setminus S_1$: $\alpha=0.60$,S2_not_S1,0.6,False,solid,523722,217.29028947501251,1.0595886854057552,108.64514473750626,-108.94917650843836,-0.30403177093209877,-0.30403177092978495,0.7278697292118127,-0.30403177092978495,2.3138158056212887e-12
hs_not_trace_alpha_0_60,$S_2\setminus S_1$: $\alpha=0.60$,S2_not_S1,0.6,False,solid,596048,228.87640328015596,1.061445630735392,114.43820164007798,-114.7426976969774,-0.30449605689942416,-0.304496056896222,0.7285072514173734,-0.304496056896222,3.2021607587751078e-12
hs_not_trace_alpha_0_60,$S_2\setminus S_1$: $\alpha=0.60$,S2_not_S1,0.6,False,solid,678361,241.07763829972836,1.0632551246775177,120.53881914986418,-120.84376762500196,-0.30494847513777756,-0.30494847513511053,0.7291279464804232,-0.30494847513511053,2.6670332609057823e-12
hs_not_trace_alpha_0_60,$S_2\setminus S_1$: $\alpha=0.60$,S2_not_S1,0.6,False,solid,772041,253.92679221966563,1.0650184001187841,126.96339610983281,-127.26878544418479,-0.3053893343519718,-0.3053893343485651,0.7297322797159189,-0.3053893343485651,3.406719351062293e-12
hs_not_trace_alpha_0_60,$S_2\setminus S_1$: $\alpha=0.60$,S2_not_S1,0.6,False,solid,878659,267.45842960589795,1.066736657240644,133.72921480294897,-134.03503373796457,-0.3058189350155942,-0.30581893501502067,0.7303207025823122,-0.30581893501502067,5.735412145213559e-13
hs_not_trace_alpha_0_60,$S_2\setminus S_1$: $\alpha=0.60$,S2_not_S1,0.6,False,solid,1000000,281.7085824105614,1.0684110195982128,140.8542912052807,-141.16052876370094,-0.3062375584202357,-0.30623755841276573,0.7308936378154529,-0.30623755841276573,7.469969087736672e-12
non_hs_alpha_0_40,outside $S_2$: $\alpha=0.40$,outside_S2,0.4,False,solid,10,2.5641220622588152,0.7219360900946408,1.2820610311294076,-1.513986028065813,-0.23192499693640545,-0.23192499693640575,0.6008061626242863,-0.23192499693640575,3.0531133177191805e-16
non_hs_alpha_0_40,outside $S_2$: $\alpha=0.40$,outside_S2,0.4,False,solid,11,2.7365689813398477,0.7516740299951808,1.3682844906699239,-1.6086270418970896,-0.24034255122716575,-0.24034255122716613,0.6130554746493913,-0.24034255122716613,3.885780586188048e-16
non_hs_alpha_0_40,outside $S_2$: $\alpha=0.40$,outside_S2,0.4,False,solid,13,3.0644175081141616,0.805430128625807,1.5322087540570808,-1.7876680427555662,-0.25545928869848544,-0.25545928869848594,0.6345983488104137,-0.25545928869848594,4.996003610813204e-16
non_hs_alpha_0_40,outside $S_2$: $\alpha=0.40$,outside_S2,0.4,False,solid,15,3.3733332174877204,0.8531536700855357,1.6866666087438602,-1.9554484844186495,-0.2687818756747893,-0.26878187567478967,0.6531284981094975,-0.26878187567478967,3.885780586188048e-16
non_hs_alpha_0_40,outside $S_2$: $\alpha=0.40$,outside_S2,0.4,False,solid,17,3.6666660334857486,0.8961820647740302,1.8333330167428743,-2.1140553827204576,-0.28072236597758327,-0.28072236597758377,0.6693960205939493,-0.28072236597758377,4.996003610813204e-16
non_hs_alpha_0_40,outside $S_2$: $\alpha=0.40$,outside_S2,0.4,False,solid,19,3.9468625159212545,0.9354416889146594,1.9734312579606272,-2.264994064743151,-0.2915628067825238,-0.2915628067825241,0.6839011949524066,-0.2915628067825241,3.3306690738754696e-16
non_hs_alpha_0_40,outside $S_2$: $\alpha=0.40$,outside_S2,0.4,False,solid,22,4.346466789270079,0.9886824484197521,2.1732333946350395,-2.479421336728552,-0.3061879420935125,-0.30618794209351313,0.7030940365341438,-0.30618794209351313,6.106226635438361e-16
non_hs_alpha_0_40,outside $S_2$: $\alpha=0.40$,outside_S2,0.4,False,solid,25,4.725249509772205,1.0365167687802503,2.3626247548861024,-2.681884444200679,-0.3192596893145767,-0.3192596893145773,0.7199016491091857,-0.3192596893145773,6.106226635438361e-16
non_hs_alpha_0_40,outside $S_2$: $\alpha=0.40$,outside_S2,0.4,False,solid,28,5.086575795907986,1.0800420394034929,2.543287897953993,-2.874390322873658,-0.33110242491966524,-0.33110242491966585,0.7348612247912842,-0.33110242491966585,6.106226635438361e-16
non_hs_alpha_0_40,outside $S_2$: $\alpha=0.40$,outside_S2,0.4,False,solid,32,5.545473816166323,1.1327002307556677,2.7727369080831616,-3.1181067189048486,-0.34536981082168694,-0.34536981082168705,0.752562366437383,-0.34536981082168705,1.1102230246251565e-16
non_hs_alpha_0_40,outside $S_2$: $\alpha=0.40$,outside_S2,0.4,False,solid,36,5.982263834214811,1.1804046386463123,2.9911319171074053,-3.3493743326148295,-0.3582424155074242,-0.35824241550742414,0.7682462621602243,-0.35824241550742414,5.551115123125783e-17
non_hs_alpha_0_40,outside $S_2$: $\alpha=0.40$,outside_S2,0.4,False,solid,41,6.5021602068783,1.2344744848416755,3.25108010343915,-3.6238572201513546,-0.3727771167122045,-0.37277711671220454,0.7856444758418644,-0.37277711671220454,5.551115123125783e-17
non_hs_alpha_0_40,outside $S_2$: $\alpha=0.40$,outside_S2,0.4,False,solid,47,7.093993155496057,1.292865983981431,3.5469965777480286,-3.9354091884365423,-0.38841261068851374,-0.38841261068851385,0.8040105670889628,-0.38841261068851385,1.1102230246251565e-16
non_hs_alpha_0_40,outside $S_2$: $\alpha=0.40$,outside_S2,0.4,False,solid,54,7.74783060951012,1.3539529688724066,3.87391530475506,-4.278623220074489,-0.40470791531942885,-0.4047079153194273,0.8227858071431491,-0.4047079153194273,1.5543122344752192e-15
non_hs_alpha_0_40,outside $S_2$: $\alpha=0.40$,outside_S2,0.4,False,solid,61,8.368819927830325,1.4090531479563555,4.184409963915162,-4.603766334571679,-0.41935637065651665,-0.41935637065651543,0.8393608127487117,-0.41935637065651543,1.2212453270876722e-15
non_hs_alpha_0_40,outside $S_2$: $\alpha=0.40$,outside_S2,0.4,False,solid,70,9.127089903167724,1.4729547635082902,4.563544951583862,-4.999835366004254,-0.43629041442039185,-0.4362904144203917,0.8581826039684941,-0.4362904144203917,1.6653345369377348e-16
non_hs_alpha_0_40,outside $S_2$: $\alpha=0.40$,outside_S2,0.4,False,solid,79,9.847491756279336,1.530630036192831,4.923745878139668,-5.375274247144081,-0.4515283690044134,-0.4515283690044127,0.8748228495509336,-0.4515283690044127,7.216449660063518e-16
non_hs_alpha_0_40,outside $S_2$: $\alpha=0.40$,outside_S2,0.4,False,solid,90,10.685032968940096,1.594414674235243,5.342516484470048,-5.81085008739513,-0.46833360292508175,-0.4683336029250815,0.8928646801826251,-0.4683336029250815,2.220446049250313e-16
non_hs_alpha_0_40,outside $S_2$: $\alpha=0.40$,outside_S2,0.4,False,solid,103,11.62395255599437,1.6622439386954733,5.811976277997185,-6.2981310833487365,-0.48615480535155164,-0.48615480535155225,0.9116589106391363,-0.48615480535155225,6.106226635438361e-16
non_hs_alpha_0_40,outside $S_2$: $\alpha=0.40$,outside_S2,0.4,False,solid,117,12.58370163696583,1.7280521469888355,6.291850818482915,-6.795250847708898,-0.5034000292259826,-0.5034000292259831,0.9295300282908657,-0.5034000292259831,5.551115123125783e-16
non_hs_alpha_0_40,outside $S_2$: $\alpha=0.40$,outside_S2,0.4,False,solid,133,13.626113414040889,1.7959807384532307,6.813056707020444,-7.334214873962342,-0.5211581669418974,-0.5211581669418972,0.9476235377124269,-0.5211581669418972,2.220446049250313e-16
non_hs_alpha_0_40,outside $S_2$: $\alpha=0.40$,outside_S2,0.4,False,solid,151,14.740717145379254,1.865014383116551,7.370358572689627,-7.909522763719719,-0.5391641910300926,-0.5391641910300903,0.965664119431946,-0.5391641910300903,2.3314683517128287e-15
non_hs_alpha_0_40,outside $S_2$: $\alpha=0.40$,outside_S2,0.4,False,solid,172,15.97608403147431,1.9377035916299383,7.988042015737155,-8.54612454805657,-0.558082532319415,-0.5580825323194136,0.9843026952187874,-0.5580825323194136,1.3322676295501878e-15
non_hs_alpha_0_40,outside $S_2$: $\alpha=0.40$,outside_S2,0.4,False,solid,196,17.316367440934243,2.0125688104642414,8.658183720467122,-9.235710270582365,-0.5775265501152429,-0.5775265501152461,1.0031372813489292,-0.5775265501152461,3.219646771412954e-15
non_hs_alpha_0_40,outside $S_2$: $\alpha=0.40$,outside_S2,0.4,False,solid,223,18.74808085285684,2.0885042035980774,9.37404042642842,-9.971250124013727,-0.5972096975853063,-0.597209697585307,1.0218865405704485,-0.597209697585307,6.661338147750939e-16
non_hs_alpha_0_40,outside $S_2$: $\alpha=0.40$,outside_S2,0.4,False,solid,254,20.309018713386454,2.1671195071355456,10.154509356693227,-10.772058920308407,-0.6175495636151798,-0.6175495636151761,1.0409417628127775,-0.6175495636151761,3.6637359812630166e-15
non_hs_alpha_0_40,outside $S_2$: $\alpha=0.40$,outside_S2,0.4,False,solid,289,21.9825001443202,2.247152634045144,10.9912500721601,-11.6294697897547,-0.6382197175946001,-0.6382197175945964,1.0599888287253654,-0.6382197175945964,3.6637359812630166e-15
non_hs_alpha_0_40,outside $S_2$: $\alpha=0.40$,outside_S2,0.4,False,solid,329,23.798758626385684,2.3296409084417875,11.899379313192842,-12.558867714921451,-0.6594884017286091,-0.6594884017286119,1.0792684810652509,-0.6594884017286119,2.7755575615628914e-15
non_hs_alpha_0_40,outside $S_2$: $\alpha=0.40$,outside_S2,0.4,False,solid,374,25.739527152052908,2.4133610175755242,12.869763576026454,-13.550804235374454,-0.6810406593479996,-0.6810406593480034,1.0984901040918675,-0.6810406593480034,3.774758283725532e-15
non_hs_alpha_0_40,outside $S_2$: $\alpha=0.40$,outside_S2,0.4,False,solid,426,27.86936174162594,2.500615195620963,13.93468087081297,-14.63814991410895,-0.7034690432959803,-0.7034690432959805,1.11817154221098,-0.7034690432959805,2.220446049250313e-16
non_hs_alpha_0_40,outside $S_2$: $\alpha=0.40$,outside_S2,0.4,False,solid,485,30.16365241304932,2.589851590648102,15.08182620652466,-15.808200382278441,-0.7263741757537812,-0.7263741757537799,1.1379480635442247,-0.7263741757537799,1.2212453270876722e-15
non_hs_alpha_0_40,outside $S_2$: $\alpha=0.40$,outside_S2,0.4,False,solid,552,32.637594161300576,2.6812210077917134,16.318797080650288,-17.0685922210653,-0.74979514041501,-0.7497951404150246,1.1578473577703827,-0.7497951404150246,1.454392162258955e-14
non_hs_alpha_0_40,outside $S_2$: $\alpha=0.40$,outside_S2,0.4,False,solid,628,35.302649480990134,2.7746959063646326,17.651324740495067,-18.425049953795845,-0.7737252133007786,-0.7737252133008001,1.177857356891027,-0.7737252133008001,2.1538326677728037e-14
non_hs_alpha_0_40,outside $S_2$: $\alpha=0.40$,outside_S2,0.4,False,solid,714,38.16721655557091,2.870132457539666,19.083608277785455,-19.881736289644447,-0.7981280118589922,-0.7981280118590308,1.1979424981065798,-0.7981280118590308,3.863576125695545e-14
non_hs_alpha_0_40,outside $S_2$: $\alpha=0.40$,outside_S2,0.4,False,solid,813,41.29892094625374,2.969221079910142,20.64946047312687,-21.472896024232536,-0.8234355511056677,-0.8234355511056892,1.218445952824774,-0.8234355511056892,2.1538326677728037e-14
non_hs_alpha_0_40,outside $S_2$: $\alpha=0.40$,outside_S2,0.4,False,solid,925,44.66319275157042,3.0702999629457164,22.33159637578521,-23.18081960363587,-0.8492232278506613,-0.8492232278506555,1.2390116954544288,-0.8492232278506555,5.773159728050814e-15
non_hs_alpha_0_40,outside $S_2$: $\alpha=0.40$,outside_S2,0.4,False,solid,1053,48.314311689678966,3.1744691134563996,24.157155844839483,-25.0329276629531,-0.8757718181136163,-0.8757718181136119,1.2598549744824599,-0.8757718181136119,4.3298697960381105e-15
non_hs_alpha_0_40,outside $S_2$: $\alpha=0.40$,outside_S2,0.4,False,solid,1199,52.26837264045867,3.281579445923306,26.134186320229336,-27.037229459247328,-0.903043139017992,-0.9030431390179835,1.2809331453911452,-0.9030431390179835,8.548717289613705e-15
non_hs_alpha_0_40,outside $S_2$: $\alpha=0.40$,outside_S2,0.4,False,solid,1364,56.51172753512335,3.3907312503625007,28.255863767561674,-29.186672137203356,-0.9308083696416816,-0.930808369641666,1.302062066562593,-0.930808369641666,1.554312234475219e-14
non_hs_alpha_0_40,outside $S_2$: $\alpha=0.40$,outside_S2,0.4,False,solid,1552,61.10345822031823,3.5029050448982275,30.551729110159116,-31.51104629623569,-0.959317186076575,-0.9593171860765778,1.3234245435419103,-0.9593171860765778,2.7755575615628914e-15
non_hs_alpha_0_40,outside $S_2$: $\alpha=0.40$,outside_S2,0.4,False,solid,1767,66.08975337676402,3.6185734854008005,33.04487668838201,-34.03356621659989,-0.9886895282178756,-0.9886895282179022,1.3450972985997705,-0.9886895282179022,2.6645352591003757e-14
non_hs_alpha_0_40,outside $S_2$: $\alpha=0.40$,outside_S2,0.4,False,solid,2011,71.46295105505939,3.7369246700489205,35.731475527529696,-36.75019473127362,-1.0187192037439274,-1.0187192037439217,1.3669170914962108,-1.0187192037439217,5.773159728050814e-15
non_hs_alpha_0_40,outside $S_2$: $\alpha=0.40$,outside_S2,0.4,False,solid,2288,77.2557086636882,3.8580924905935126,38.6278543318441,-39.67729474235036,-1.0494404105062642,-1.0494404105062989,1.3889010926976608,-1.0494404105062989,3.4638958368304884e-14
non_hs_alpha_0_40,outside $S_2$: $\alpha=0.40$,outside_S2,0.4,False,solid,2605,83.55060392871462,3.983122762147278,41.77530196435731,-42.85642020057399,-1.0811182362166818,-1.081118236216722,1.4112269063030363,-1.081118236216722,4.0190073491430667e-14
non_hs_alpha_0_40,outside $S_2$: $\alpha=0.40$,outside_S2,0.4,False,solid,2964,90.31993130883716,4.11079399208277,45.15996565441858,-46.27340887355911,-1.1134432191405352,-1.1134432191405688,1.433665580266676,-1.1134432191405688,3.352873534367973e-14
non_hs_alpha_0_40,outside $S_2$: $\alpha=0.40$,outside_S2,0.4,False,solid,3374,97.66117927050028,4.242271984958785,48.83058963525014,-49.97730024276796,-1.146710607517818,-1.146710607517846,1.456412027030604,-1.146710607517846,2.7977620220553945e-14
non_hs_alpha_0_40,outside $S_2$: $\alpha=0.40$,outside_S2,0.4,False,solid,3839,105.56752270101282,4.376732530454146,52.78376135050641,-53.964473231650025,-1.1807118811436155,-1.1807118811435808,1.4793127678848286,-1.1807118811435808,3.4638958368304884e-14
non_hs_alpha_0_40,outside $S_2$: $\alpha=0.40$,outside_S2,0.4,False,solid,4370,114.14089309133034,4.51518661839052,57.07044654566517,-58.28614926452544,-1.2157027188602711,-1.2157027188601632,1.5025289711666994,-1.2157027188601632,1.0791367799356522e-13
non_hs_alpha_0_40,outside $S_2$: $\alpha=0.40$,outside_S2,0.4,False,solid,4973,123.38569805292579,4.656953534640274,61.692849026462895,-62.94436010394921,-1.2515110774863132,-1.2515110774863105,1.5259347192197106,-1.2515110774863105,2.6645352591003757e-15
non_hs_alpha_0_40,outside $S_2$: $\alpha=0.40$,outside_S2,0.4,False,solid,5660,133.38735648998627,4.802594722309029,66.69367824499314,-67.98195707072107,-1.2882788257279287,-1.288278825727863,1.5496120034236036,-1.288278825727863,6.572520305780927e-14
non_hs_alpha_0_40,outside $S_2$: $\alpha=0.40$,outside_S2,0.4,False,solid,6442,144.1978003584275,4.952072707043584,72.09890017921374,-73.4248966693951,-1.3259964901813532,-1.3259964901810835,1.573542612553531,-1.3259964901810835,2.6978419498391304e-13
non_hs_alpha_0_40,outside $S_2$: $\alpha=0.40$,outside_S2,0.4,False,solid,7331,155.86781356121944,5.105300539343955,77.93390678060972,-79.29854895771798,-1.3646421771082657,-1.3646421771080268,1.5977015583869152,-1.3646421771080268,2.389199948993337e-13
non_hs_alpha_0_40,outside $S_2$: $\alpha=0.40$,outside_S2,0.4,False,solid,8344,168.49508095645643,5.262737345565221,84.24754047822822,-85.65187217586157,-1.4043316976333529,-1.4043316976330469,1.6221493990328422,-1.4043316976330469,3.0597746558669314e-13
non_hs_alpha_0_40,outside $S_2$: $\alpha=0.40$,outside_S2,0.4,False,solid,9496,182.13081648400808,5.424173747302061,91.06540824200404,-92.51042051530544,-1.4450122733014013,-1.4450122733011375,1.6468414840691348,-1.4450122733011375,2.637889906509372e-13
non_hs_alpha_0_40,outside $S_2$: $\alpha=0.40$,outside_S2,0.4,False,solid,10807,196.8662802128246,5.5898353001481835,98.4331401064123,-99.91988088472814,-1.4867407783158484,-1.486740778315712,1.6718007208020016,-1.486740778315712,1.3633538742396922e-13
non_hs_alpha_0_40,outside $S_2$: $\alpha=0.40$,outside_S2,0.4,False,solid,12300,212.80116170721604,5.75994723961631,106.40058085360802,-107.93015480034346,-1.5295739467354394,-1.5295739467351277,1.6970485024913564,-1.5295739467351277,3.1175062531474396e-13
non_hs_alpha_0_40,outside $S_2$: $\alpha=0.40$,outside_S2,0.4,False,solid,13998,230.0101655758764,5.934397078447828,115.0050827879382,-116.57856625744782,-1.5734834695096112,-1.5734834695092612,1.7225558159966585,-1.5734834695092612,3.4994229736184934e-13
non_hs_alpha_0_40,outside $S_2$: $\alpha=0.40$,outside_S2,0.4,False,solid,15931,248.61316645349913,6.1134704496936445,124.30658322674957,-125.925124489609,-1.6185412628594378,-1.6185412628588132,1.7483521455492947,-1.6185412628588132,6.246114736541131e-13
non_hs_alpha_0_40,outside $S_2$: $\alpha=0.40$,outside_S2,0.4,False,solid,18131,268.7181338759491,6.297243119131261,134.35906693797455,-136.02383333266246,-1.6647663946879163,-1.66476639468646,1.7744355608377642,-1.66476639468646,1.4563905637032803e-12
non_hs_alpha_0_40,outside $S_2$: $\alpha=0.40$,outside_S2,0.4,False,solid,20635,290.4473131395362,6.485846378071649,145.2236565697681,-146.9358484671585,-1.7121918973903973,-1.7121918973891959,1.8008118138872324,-1.7121918973891959,1.2014833572493444e-12
non_hs_alpha_0_40,outside $S_2$: $\alpha=0.40$,outside_S2,0.4,False,solid,23485,313.93177530450396,6.679405329618186,156.96588765225198,-158.72673688796502,-1.7608492357130388,-1.7608492357111987,1.827485339150247,-1.7608492357111987,1.8400836410137345e-12
non_hs_alpha_0_40,outside $S_2$: $\alpha=0.40$,outside_S2,0.4,False,solid,26728,339.30705619320935,6.8780018419360776,169.65352809660467,-171.46428709788722,-1.8107590012825483,-1.8107590012798507,1.8544543458839957,-1.8107590012798507,2.6976199052342054e-12
non_hs_alpha_0_40,outside $S_2$: $\alpha=0.40$,outside_S2,0.4,False,solid,30419,366.73147825122555,7.081812917805328,183.36573912561278,-185.22770481366734,-1.8619656880545676,-1.8619656880520994,1.88172964553962,-1.8619656880520994,2.468247828346648e-12
non_hs_alpha_0_40,outside $S_2$: $\alpha=0.40$,outside_S2,0.4,False,solid,34620,396.37121516849436,7.290979778938305,198.18560758424718,-200.1001123670364,-1.9145047827892085,-1.9145047827873816,1.9093166027322845,-1.9145047827873816,1.8269830093231576e-12
non_hs_alpha_0_40,outside $S_2$: $\alpha=0.40$,outside_S2,0.4,False,solid,39401,428.40205181219363,7.505621769250959,214.20102590609682,-216.169432175144,-1.9684062690471933,-1.968406269046785,1.9372173044409549,-1.968406269046785,4.083400284571326e-13
non_hs_alpha_0_40,outside $S_2$: $\alpha=0.40$,outside_S2,0.4,False,solid,44842,463.01646590417886,7.725879976974787,231.50823295208943,-233.531938537357,-2.023705585267578,-2.02370558526586,1.9654363353941011,-2.02370558526586,1.7181811529098923e-12
non_hs_alpha_0_40,outside $S_2$: $\alpha=0.40$,outside_S2,0.4,False,solid,51035,500.42816023831625,7.9519331205526225,250.21408011915813,-252.29452772575033,-2.0804476065922017,-2.0804476065908006,1.993982587756551,-2.0804476065908006,1.4011014570769476e-12
non_hs_alpha_0_40,outside $S_2$: $\alpha=0.40$,outside_S2,0.4,False,solid,58082,540.8521838034906,8.183870981884441,270.4260919017453,-272.56474677801464,-2.1386548762693565,-2.138654876267471,2.022853304355563,-2.138654876267471,1.885602785023366e-12
non_hs_alpha_0_40,outside $S_2$: $\alpha=0.40$,outside_S2,0.4,False,solid,66104,584.5486288569006,8.421941952051025,292.2743144284503,-294.472704163335,-2.1983897348846995,-2.1983897348857124,2.0520650516066765,-2.1983897348857124,1.0129674876679928e-12
non_hs_alpha_0_40,outside $S_2$: $\alpha=0.40$,outside_S2,0.4,False,solid,75232,631.7622291494413,8.666203696772941,315.88111457472064,-318.1407812305168,-2.2596666557961385,-2.259666655798609,2.081610397837806,-2.259666655798609,2.4704682743958983e-12
non_hs_alpha_0_40,outside $S_2$: $\alpha=0.40$,outside_S2,0.4,False,solid,85622,682.7934084193371,8.916902659498513,341.39670420966854,-343.71925167831944,-2.322547468650896,-2.322547468651214,2.1115045180508747,-2.322547468651214,3.1796787425264483e-13
non_hs_alpha_0_40,outside $S_2$: $\alpha=0.40$,outside_S2,0.4,False,solid,97446,737.9391975451013,9.174153707167775,368.9695987725506,-371.3566597601455,-2.3870609875948503,-2.3870609875940807,2.141746215961146,-2.3870609875940807,7.696066006701585e-13
non_hs_alpha_0_40,outside $S_2$: $\alpha=0.40$,outside_S2,0.4,False,solid,110903,797.5362406613094,9.438150127066516,398.7681203306547,-401.22137602068665,-2.4532556900319378,-2.4532556900305615,2.172343219551933,-2.4532556900305615,1.376232461325344e-12
non_hs_alpha_0_40,outside $S_2$: $\alpha=0.40$,outside_S2,0.4,False,solid,126219,861.9457159183446,9.709076345867546,430.9728579591723,-433.49403578118,-2.521177822007701,-2.521177822004894,2.2033016527325016,-2.521177822004894,2.8066438062523957e-12
non_hs_alpha_0_40,outside $S_2$: $\alpha=0.40$,outside_S2,0.4,False,solid,143649,931.5490497139746,9.987085793761906,465.7745248569873,-468.36539070958366,-2.59086585259638,-2.5908658525920742,2.2346236588922426,-2.5908658525920742,4.305888978706207e-12
non_hs_alpha_0_40,outside $S_2$: $\alpha=0.40$,outside_S2,0.4,False,solid,163487,1006.7734790465588,10.27239565758356,503.3867395232794,-506.04911375003695,-2.6623742267575494,-2.6623742267480077,2.2663181217101407,-2.6623742267480077,9.541700762838445e-12
non_hs_alpha_0_40,outside $S_2$: $\alpha=0.40$,outside_S2,0.4,False,solid,186064,1088.0668960540524,10.56517564520884,544.0334480270262,-546.7691935085306,-2.7357454815044093,-2.7357454814981184,2.2983880922517024,-2.7357454814981184,6.290967746735987e-12
non_hs_alpha_0_40,outside $S_2$: $\alpha=0.40$,outside_S2,0.4,False,solid,211759,1175.9218175078565,10.865631335040987,587.9609087539283,-590.7719398919804,-2.811031138052158,-2.8110311380284294,2.330840120540337,-2.8110311380284294,2.3728574660708546e-11
non_hs_alpha_0_40,outside $S_2$: $\alpha=0.40$,outside_S2,0.4,False,solid,241003,1270.8690421895628,11.173967625529443,635.4345210947814,-638.322803634907,-2.8882825401256014,-2.8882825400894263,2.3636801418052995,-2.8882825400894263,3.617506294517625e-11
non_hs_alpha_0_40,outside $S_2$: $\alpha=0.40$,outside_S2,0.4,False,solid,274285,1373.4774463101764,11.490379894786583,686.7387231550882,-689.7062717955391,-2.9675486404509,-2.9675486404071303,2.3969125865148464,-2.9675486404071303,4.376987661203202e-11
non_hs_alpha_0_40,outside $S_2$: $\alpha=0.40$,outside_S2,0.4,False,solid,312163,1484.366532279931,11.815083740661668,742.1832661399656,-745.2321495918341,-3.0488834518685053,-3.0488834518283996,2.430543533930391,-3.0488834518283996,4.0105696541559155e-11
non_hs_alpha_0_40,outside $S_2$: $\alpha=0.40$,outside_S2,0.4,False,solid,355273,1604.208183438717,12.148306314782008,802.1040917193585,-805.2364355943918,-3.132343875033257,-3.132343875002503,2.4645797121194932,-3.132343875002503,3.0754065960536536e-11
non_hs_alpha_0_40,outside $S_2$: $\alpha=0.40$,outside_S2,0.4,False,solid,404335,1733.7181139038569,12.49025249472499,866.8590569519284,-870.0770381782197,-3.217981226291272,-3.217981226271827,2.499025059370653,-3.217981226271827,1.9444890142494842e-11
non_hs_alpha_0_40,outside $S_2$: $\alpha=0.40$,outside_S2,0.4,False,solid,460173,1873.6819746901622,12.841164995232047,936.8409873450811,-940.1468436382836,-3.3058562932025097,-3.305856293173021,2.5338868359924884,-3.305856293173021,2.948885580167371e-11
non_hs_alpha_0_40,outside $S_2$: $\alpha=0.40$,outside_S2,0.4,False,solid,523722,2024.9415612909465,13.201273985097254,1012.4707806454733,-1015.8668073611467,-3.396026715673429,-3.3960267156575417,2.5691704872484866,-3.3960267156575417,1.588729148238599e-11
non_hs_alpha_0_40,outside $S_2$: $\alpha=0.40$,outside_S2,0.4,False,solid,596048,2188.411022541018,13.570826093328707,1094.205511270509,-1097.6940655208257,-3.4885542503166107,-3.4885542502840794,2.6048825398977886,-3.4885542502840794,3.253131097835649e-11
non_hs_alpha_0_40,outside $S_2$: $\alpha=0.40$,outside_S2,0.4,False,solid,678361,2365.0711860616093,13.950058717945822,1182.5355930308046,-1186.1190913683222,-3.5834983375175398,-3.583498337455439,2.6410280875017045,-3.583498337455439,6.210054692701306e-11
non_hs_alpha_0_40,outside $S_2$: $\alpha=0.40$,outside_S2,0.4,False,solid,772041,2555.9884806108685,14.339229768090995,1277.9942403054342,-1281.6751638537219,-3.6809235482876375,-3.6809235482505156,2.6776136547391407,-3.6809235482505156,3.7121861140576584e-11
non_hs_alpha_0_40,outside $S_2$: $\alpha=0.40$,outside_S2,0.4,False,solid,878659,2762.3159416311223,14.738604334153148,1381.1579708155612,-1384.9388670620838,-3.780896246522616,-3.7808962465071154,2.714645864026572,-3.7808962465071154,1.5500489780606586e-11
non_hs_alpha_0_40,outside $S_2$: $\alpha=0.40$,outside_S2,0.4,False,solid,1000000,2985.2940158894016,15.148443649153691,1492.6470079447008,-1496.5304897705462,-3.883481825845365,-3.883481825877122,2.7521304156192974,-3.883481825877122,3.175681939637798e-11
boundary_alpha_0_50,boundary: $\alpha=0.50$,boundary_outside_S2,0.5,True,dashed,10,2.2594490546817,0.5931160714285714,1.12972452734085,-1.320007750828421,-0.19028322348757087,-0.19028322348757098,0.5445714238869734,-0.19028322348757098,1.1102230246251565e-16
boundary_alpha_0_50,boundary: $\alpha=0.50$,boundary_outside_S2,0.5,True,dashed,11,2.395129159741694,0.6115251623376623,1.197564579870847,-1.3929139157934656,-0.1953493359226186,-0.19534933592261877,0.5529580283971209,-0.19534933592261877,1.6653345369377348e-16
boundary_alpha_0_50,boundary: $\alpha=0.50$,boundary_outside_S2,0.5,True,dashed,13,2.6498405144600365,0.6439770854145853,1.3249202572300183,-1.5291454048669602,-0.20422514763694188,-0.2042251476369422,0.5674403428619547,-0.2042251476369422,3.0531133177191805e-16
boundary_alpha_0_50,boundary: $\alpha=0.50$,boundary_outside_S2,0.5,True,dashed,15,2.88629757370685,0.671941371128871,1.443148786853425,-1.6549704389557387,-0.21182165210231374,-0.2118216521023141,0.5796297831930615,-0.2118216521023141,3.608224830031759e-16
boundary_alpha_0_50,boundary: $\alpha=0.50$,boundary_outside_S2,0.5,True,dashed,17,3.1079386049731994,0.6965093858347534,1.5539693024865997,-1.772428391916598,-0.21845908942999825,-0.21845908942999853,0.5901310811314523,-0.21845908942999853,2.7755575615628914e-16
boundary_alpha_0_50,boundary: $\alpha=0.50$,boundary_outside_S2,0.5,True,dashed,19,3.317241702392934,0.7184172805715955,1.658620851196467,-1.8829719452233769,-0.22435109402690978,-0.22435109402691006,0.599340170759309,-0.22435109402691006,2.7755575615628914e-16
boundary_alpha_0_50,boundary: $\alpha=0.50$,boundary_outside_S2,0.5,True,dashed,22,3.612003134346646,0.7473896831689981,1.806001567173323,-2.0381085953091964,-0.23210702813587347,-0.23210702813587347,0.6113058494603982,-0.23210702813587347,0.0
boundary_alpha_0_50,boundary: $\alpha=0.50$,boundary_outside_S2,0.5,True,dashed,25,3.8876904860266985,0.7727315309950851,1.9438452430133493,-2.1827050186365606,-0.23885977562321137,-0.2388597756232114,0.6215832731803057,-0.2388597756232114,2.7755575615628914e-17
boundary_alpha_0_50,boundary: $\alpha=0.50$,boundary_outside_S2,0.5,True,dashed,28,4.147587293644402,0.7952521353906895,2.073793646822201,-2.318631624551133,-0.244837977728932,-0.2448379777289326,0.6305759809058261,-0.2448379777289326,5.828670879282072e-16
boundary_alpha_0_50,boundary: $\alpha=0.50$,boundary_outside_S2,0.5,True,dashed,32,4.473680478245386,0.8218452770758954,2.236840239122693,-2.4887117529682286,-0.2518715138455354,-0.25187151384553597,0.6410324785359535,-0.25187151384553597,5.551115123125783e-16
boundary_alpha_0_50,boundary: $\alpha=0.50$,boundary_outside_S2,0.5,True,dashed,36,4.7802536696651465,0.8453482373509145,2.3901268348325733,-2.648192884347086,-0.25806604951451284,-0.2580660495145139,0.6501339236460879,-0.2580660495145139,1.0547118733938987e-15
boundary_alpha_0_50,boundary: $\alpha=0.50$,boundary_outside_S2,0.5,True,dashed,41,5.140719962877352,0.87134398977486,2.570359981438676,-2.835255484405326,-0.2648955029666502,-0.26489550296665215,0.6600545393279483,-0.26489550296665215,1.942890293094024e-15
boundary_alpha_0_50,boundary: $\alpha=0.50$,boundary_outside_S2,0.5,True,dashed,47,5.545691045308713,0.898687677950484,2.7728455226543565,-3.044901263037627,-0.27205574038327063,-0.27205574038327335,0.6703311412840984,-0.27205574038327335,2.7200464103316335e-15
boundary_alpha_0_50,boundary: $\alpha=0.50$,boundary_outside_S2,0.5,True,dashed,54,5.987034148388138,0.9265246547332147,2.993517074194069,-3.2728393979429247,-0.2793223237488558,-0.2793223237488581,0.6806337688996978,-0.2793223237488581,2.3314683517128287e-15
boundary_alpha_0_50,boundary: $\alpha=0.50$,boundary_outside_S2,0.5,True,dashed,61,6.400834122399213,0.9509934307538747,3.2004170611996066,-3.4861090356712,-0.28569197447159356,-0.28569197447159617,0.689562698655414,-0.28569197447159617,2.609024107869118e-15
boundary_alpha_0_50,boundary: $\alpha=0.50$,boundary_outside_S2,0.5,True,dashed,70,6.899641338908684,0.9786494434217097,3.449820669454342,-3.742693441227236,-0.29287277177289406,-0.2928727717728978,0.6995174920692512,-0.2928727717728978,3.7192471324942744e-15
boundary_alpha_0_50,boundary: $\alpha=0.50$,boundary_outside_S2,0.5,True,dashed,79,7.367503221622335,1.0029783039864673,3.6837516108111674,-3.982926099613911,-0.29917448880274344,-0.29917448880274755,0.7081589877938665,-0.29917448880274755,4.107825191113079e-15
boundary_alpha_0_50,boundary: $\alpha=0.50$,boundary_outside_S2,0.5,True,dashed,90,7.90468527584949,1.0292205470768248,3.952342637924745,-4.258299580683418,-0.305956942758673,-0.30595694275867746,0.7173634180374773,-0.30595694275867746,4.440892098500626e-15
boundary_alpha_0_50,boundary: $\alpha=0.50$,boundary_outside_S2,0.5,True,dashed,103,8.498994851663669,1.0564002113521955,4.2494974258318345,-4.562463915419467,-0.31296648958763207,-0.31296648958763773,0.7267737651264647,-0.31296648958763773,5.662137425588298e-15
boundary_alpha_0_50,boundary: $\alpha=0.50$,boundary_outside_S2,0.5,True,dashed,117,9.098615356504183,1.0820905458218786,4.549307678252092,-4.868886370786955,-0.31957869253486315,-0.3195786925348673,0.7355577971246986,-0.3195786925348673,4.163336342344337e-15
boundary_alpha_0_50,boundary: $\alpha=0.50$,boundary_outside_S2,0.5,True,dashed,133,9.741644556302209,1.1079421948256465,4.870822278151104,-5.197042562532222,-0.32622028438111794,-0.3262202843811227,0.744292346738043,-0.3262202843811227,4.773959005888173e-15
boundary_alpha_0_50,boundary: $\alpha=0.50$,boundary_outside_S2,0.5,True,dashed,151,10.42052576109666,1.1335551288030346,5.21026288054833,-5.543052210800434,-0.3327893302521039,-0.3327893302521092,0.7528463086191745,-0.3327893302521092,5.329070518200751e-15
boundary_alpha_0_50,boundary: $\alpha=0.50$,boundary_outside_S2,0.5,True,dashed,172,11.16337759190057,1.1598418960802297,5.581688795950285,-5.9212091432775855,-0.3395203473273005,-0.3395203473273042,0.7615254086635027,-0.3395203473273042,3.6637359812630166e-15
boundary_alpha_0_50,boundary: $\alpha=0.50$,boundary_outside_S2,0.5,True,dashed,196,11.958905066527862,1.186220533000441,5.979452533263931,-6.325717099748012,-0.34626456648408066,-0.34626456648408616,0.7701365245852325,-0.34626456648408616,5.495603971894525e-15
boundary_alpha_0_50,boundary: $\alpha=0.50$,boundary_outside_S2,0.5,True,dashed,223,12.797768025771848,1.2122921523991386,6.398884012885924,-6.751804812298691,-0.3529207994127672,-0.3529207994127729,0.7785538364169617,-0.3529207994127729,5.662137425588298e-15
boundary_alpha_0_50,boundary: $\alpha=0.50$,boundary_outside_S2,0.5,True,dashed,254,13.700593300304508,1.2385947216984408,6.850296650152254,-7.2099237119260176,-0.3596270617737636,-0.35962706177377085,0.7869544846109083,-0.35962706177377085,7.271960811294775e-15
boundary_alpha_0_50,boundary: $\alpha=0.50$,boundary_outside_S2,0.5,True,dashed,289,14.656071948750741,1.264687720461336,7.3280359743753705,-7.6943075778583525,-0.36627160348298204,-0.36627160348299037,0.7952005157384319,-0.36627160348299037,8.326672684688674e-15
boundary_alpha_0_50,boundary: $\alpha=0.50$,boundary_outside_S2,0.5,True,dashed,329,15.679763413068304,1.2908954615304629,7.839881706534152,-8.212819303690134,-0.37293759715598185,-0.37293759715598807,0.8033976168530944,-0.37293759715598807,6.217248937900877e-15
boundary_alpha_0_50,boundary: $\alpha=0.50$,boundary_outside_S2,0.5,True,dashed,374,16.7596439969427,1.3168185724016535,8.37982199847135,-8.759346031005842,-0.3795240325344924,-0.3795240325344958,0.8114242331855924,-0.3795240325344958,3.3861802251067274e-15
boundary_alpha_0_50,boundary: $\alpha=0.50$,boundary_outside_S2,0.5,True,dashed,426,17.929530320662334,1.3431477228309938,8.964765160331167,-9.350971974128726,-0.3862068137975587,-0.38620681379755833,0.8194961021356336,-0.38620681379755833,3.885780586188048e-16
boundary_alpha_0_50,boundary: $\alpha=0.50$,boundary_outside_S2,0.5,True,dashed,485,19.173499430282767,1.369385013704205,9.586749715141384,-9.97960960057266,-0.39285988543127637,-0.39285988543128486,0.8274614836063987,-0.39285988543128486,8.493206138382448e-15
boundary_alpha_0_50,boundary: $\alpha=0.50$,boundary_outside_S2,0.5,True,dashed,552,20.49762788530617,1.3955630200451168,10.248813942653085,-10.648305917099787,-0.39949197444670226,-0.3994919744467104,0.8353331730648307,-0.3994919744467104,8.1601392309949e-15
boundary_alpha_0_50,boundary: $\alpha=0.50$,boundary_outside_S2,0.5,True,dashed,628,21.905753112129606,1.4216617391787836,10.952876556064803,-11.358974997527778,-0.4060984414629747,-0.4060984414629958,0.8431078635556614,-0.4060984414629958,2.1094237467877974e-14
boundary_alpha_0_50,boundary: $\alpha=0.50$,boundary_outside_S2,0.5,True,dashed,714,23.399960490229805,1.447631745637545,11.699980245114903,-12.112647437898886,-0.41266719278398334,-0.4126671927839967,0.8507736907184968,-0.4126671927839967,1.3378187446733136e-14
boundary_alpha_0_50,boundary: $\alpha=0.50$,boundary_outside_S2,0.5,True,dashed,813,25.01257012959847,1.473908735040684,12.506285064799235,-12.92559377716858,-0.41930871236934486,-0.41930871236935785,0.8584604635743815,-0.41930871236935785,1.2989609388114332e-14
boundary_alpha_0_50,boundary: $\alpha=0.50$,boundary_outside_S2,0.5,True,dashed,925,26.7226691453241,1.5000288437258618,13.36133457266205,-13.787240600440185,-0.4259060277781348,-0.42590602777815195,0.8660337302108567,-0.42590602777815195,1.715294573045867e-14
boundary_alpha_0_50,boundary: $\alpha=0.50$,boundary_outside_S2,0.5,True,dashed,1053,28.554739006016877,1.5262605094768118,14.277369503008439,-14.709896747543858,-0.4325272445354198,-0.4325272445354563,0.8735732680997089,-0.4325272445354563,3.652633751016765e-14
boundary_alpha_0_50,boundary: $\alpha=0.50$,boundary_outside_S2,0.5,True,dashed,1199,30.513259365692242,1.552542344668468,15.256629682846121,-15.69578678579066,-0.439157102944538,-0.4391571029445628,0.8810625246452343,-0.4391571029445628,2.475797344914099e-14
boundary_alpha_0_50,boundary: $\alpha=0.50$,boundary_outside_S2,0.5,True,dashed,1364,32.588065878109816,1.578641203054367,16.294032939054908,-16.739770013509542,-0.44573707445463384,-0.44573707445466476,0.8884371680243818,-0.44573707445466476,3.091971123581061e-14
boundary_alpha_0_50,boundary: $\alpha=0.50$,boundary_outside_S2,0.5,True,dashed,1552,34.80443957301597,1.6047795929392703,17.402219786507985,-17.854543311875812,-0.4523235253678273,-0.4523235253678631,0.8957621316340824,-0.4523235253678631,3.58046925441613e-14
boundary_alpha_0_50,boundary: $\alpha=0.50$,boundary_outside_S2,0.5,True,dashed,1767,37.180322014439035,1.6310437578919466,18.590161007219518,-19.049099385471827,-0.4589383782523093,-0.4589383782523678,0.9030625000219936,-0.4589383782523678,5.845324224651449e-14
boundary_alpha_0_50,boundary: $\alpha=0.50$,boundary_outside_S2,0.5,True,dashed,2011,39.7076148218142,1.6572299624843259,19.8538074109071,-20.31933793159363,-0.46553052068653145,-0.46553052068657813,0.9102829127486481,-0.46553052068657813,4.668487818548783e-14
boundary_alpha_0_50,boundary: $\alpha=0.50$,boundary_outside_S2,0.5,True,dashed,2288,42.397282836183464,1.6833556754225947,21.198641418091732,-21.670745987280174,-0.472104569188442,-0.47210456918849925,0.9174300178821801,-0.47210456918849925,5.723199691942682e-14
boundary_alpha_0_50,boundary: $\alpha=0.50$,boundary_outside_S2,0.5,True,dashed,2605,45.28252926489549,1.7096255979411752,22.641264632447744,-23.119976834987366,-0.4787122025396222,-0.4787122025396301,0.9245608681804501,-0.4787122025396301,7.882583474838611e-15
boundary_alpha_0_50,boundary: $\alpha=0.50$,boundary_outside_S2,0.5,True,dashed,2964,48.345340465345785,1.735765064890002,24.172670232672893,-24.657954735814823,-0.48528450314192995,-0.4852845031419468,0.9316021320526274,-0.4852845031419468,1.687538997430238e-14
boundary_alpha_0_50,boundary: $\alpha=0.50$,boundary_outside_S2,0.5,True,dashed,3374,51.62424256586046,1.7619966678306727,25.81212128293023,-26.30399888645579,-0.491877603525559,-0.49187760352560306,0.9386151148981867,-0.49187760352560306,4.4075854077618715e-14
boundary_alpha_0_50,boundary: $\alpha=0.50$,boundary_outside_S2,0.5,True,dashed,3839,55.11016965573942,1.788138402040961,27.55508482786971,-28.05353073513719,-0.49844590726748095,-0.49844590726748406,0.945552325902951,-0.49844590726748406,3.1086244689504383e-15
boundary_alpha_0_50,boundary: $\alpha=0.50$,boundary_outside_S2,0.5,True,dashed,4370,58.84162200361097,1.8143692939334473,29.420811001805486,-29.925845538342976,-0.5050345365374902,-0.5050345365374757,0.9524624123642484,-0.5050345365374757,1.454392162258955e-14
boundary_alpha_0_50,boundary: $\alpha=0.50$,boundary_outside_S2,0.5,True,dashed,4973,62.813581788535664,1.8405416895436433,31.406790894267832,-31.918397425579766,-0.5116065313119336,-0.5116065313119774,0.9593074818700319,-0.5116065313119774,4.3853809472693683e-14
boundary_alpha_0_50,boundary: $\alpha=0.50$,boundary_outside_S2,0.5,True,dashed,5660,67.05550548269511,1.8667428424758215,33.527752741347555,-34.04593666884837,-0.5181839275008144,-0.5181839275008423,0.9661114952415745,-0.5181839275008423,2.786659791809143e-14
boundary_alpha_0_50,boundary: $\alpha=0.50$,boundary_outside_S2,0.5,True,dashed,6442,71.58150742038727,1.892947240707464,35.790753710193634,-36.315514142634,-0.5247604324403667,-0.524760432440391,0.972868758031489,-0.524760432440391,2.4202861936828413e-14
boundary_alpha_0_50,boundary: $\alpha=0.50$,boundary_outside_S2,0.5,True,dashed,7331,76.40460143133133,1.919123093314003,38.202300715665665,-38.7336288932891,-0.5313281776234362,-0.5313281776235017,0.9795721242751866,-0.5313281776235017,6.550315845288424e-14
boundary_alpha_0_50,boundary: $\alpha=0.50$,boundary_outside_S2,0.5,True,dashed,8344,81.55625179803457,1.9453311506958824,40.77812589901728,-41.3160284053948,-0.5379025063775202,-0.5379025063774893,0.9862380926266949,-0.5379025063774893,3.097522238704187e-14
boundary_alpha_0_50,boundary: $\alpha=0.50$,boundary_outside_S2,0.5,True,dashed,9496,87.04782893678356,1.971518586438201,43.52391446839178,-44.068384728899304,-0.5444702605075236,-0.5444702605074431,0.9928541147717023,-0.5444702605074431,8.049116928532385e-14
boundary_alpha_0_50,boundary: $\alpha=0.50$,boundary_outside_S2,0.5,True,dashed,10807,92.90605440451185,1.9977052845645018,46.453027202255925,-47.00406371921363,-0.5510365169577085,-0.5510365169576147,0.9994261564929402,-0.5510365169576147,9.381384558082573e-14
boundary_alpha_0_50,boundary: $\alpha=0.50$,boundary_outside_S2,0.5,True,dashed,12300,99.15969777165358,2.023908698363828,49.57984888582679,-50.13745461954916,-0.5576057337223688,-0.557605733722308,1.0059594172638944,-0.557605733722308,6.072919944699606e-14
boundary_alpha_0_50,boundary: $\alpha=0.50$,boundary_outside_S2,0.5,True,dashed,13998,105.82657162845466,2.0500940278356103,52.91328581422733,-53.47745507825033,-0.5641692640230005,-0.5641692640229237,1.0124460548186285,-0.5641692640229237,7.682743330406083e-14
boundary_alpha_0_50,boundary: $\alpha=0.50$,boundary_outside_S2,0.5,True,dashed,15931,112.9408818320522,2.076287018162798,56.4704409160261,-57.04117455039227,-0.5707336343661709,-0.5707336343661504,1.0188932765905363,-0.5707336343661504,2.042810365310288e-14
boundary_alpha_0_50,boundary: $\alpha=0.50$,boundary_outside_S2,0.5,True,dashed,18131,120.53077304243763,2.102480894483212,60.265386521218815,-60.84268373557718,-0.5772972143583672,-0.5772972143583409,1.025300174213194,-0.5772972143583409,2.631228568361621e-14
boundary_alpha_0_50,boundary: $\alpha=0.50$,boundary_outside_S2,0.5,True,dashed,20635,128.62839651198598,2.1286767271076097,64.31419825599299,-64.89805859175627,-0.5838603357632763,-0.583860335763349,1.0316677583184448,-0.583860335763349,7.260858581048524e-14
boundary_alpha_0_50,boundary: $\alpha=0.50$,boundary_outside_S2,0.5,True,dashed,23485,137.26765694986486,2.1548742160628316,68.63382847493243,-69.22425145787567,-0.5904229829432381,-0.5904229829436247,1.0379966801639666,-0.5904229829436247,3.865796571744795e-13
boundary_alpha_0_50,boundary: $\alpha=0.50$,boundary_outside_S2,0.5,True,dashed,26728,146.48251901027768,2.181067024548557,73.24125950513884,-73.83824312970646,-0.5969836245676134,-0.5969836245681155,1.0442861256735525,-0.5969836245681155,5.020428517354958e-13
boundary_alpha_0_50,boundary: $\alpha=0.50$,boundary_outside_S2,0.5,True,dashed,30419,156.31352244876902,2.207261095799137,78.15676122438451,-78.7603050262069,-0.6035438018223829,-0.6035438018223103,1.050538218200351,-0.6035438018223103,7.260858581048524e-14
boundary_alpha_0_50,boundary: $\alpha=0.50$,boundary_outside_S2,0.5,True,dashed,34620,166.8021041756371,2.233456929556394,83.40105208781856,-84.01115577663654,-0.6101036888179863,-0.6101036888175875,1.0567537389468735,-0.6101036888175875,3.9879211044535623e-13
boundary_alpha_0_50,boundary: $\alpha=0.50$,boundary_outside_S2,0.5,True,dashed,39401,177.9911402122539,2.259651903187512,88.99557010612695,-89.61223278088238,-0.6166626747554318,-0.6166626747555365,1.0629327126369552,-0.6166626747555365,1.0469403122215226e-13
boundary_alpha_0_50,boundary: $\alpha=0.50$,boundary_outside_S2,0.5,True,dashed,44842,189.92727058109537,2.2858457771049405,94.96363529054769,-95.58685603335762,-0.6232207428099343,-0.6232207428099171,1.069075716940793,-0.6232207428099171,1.7208456881689926e-14
boundary_alpha_0_50,boundary: $\alpha=0.50$,boundary_outside_S2,0.5,True,dashed,51035,202.66218288668165,2.3120422136132746,101.33109144334082,-101.96087029356252,-0.6297788502216974,-0.6297788502215308,1.0751842199393726,-0.6297788502215308,1.66644475996236e-13
boundary_alpha_0_50,boundary: $\alpha=0.50$,boundary_outside_S2,0.5,True,dashed,58082,216.245641283498,2.33823415990658,108.122820641749,-108.75915591100382,-0.6363352692548148,-0.636335269255313,1.0812571756771328,-0.636335269255313,4.982680934517703e-13
boundary_alpha_0_50,boundary: $\alpha=0.50$,boundary_outside_S2,0.5,True,dashed,66104,230.73999905396929,2.364432072838213,115.36999952698464,-116.01289217987801,-0.6428926528933658,-0.6428926528942727,1.0872975841135244,-0.6428926528942727,9.068301665138279e-13
boundary_alpha_0_50,boundary: $\alpha=0.50$,boundary_outside_S2,0.5,True,dashed,75232,246.19973221243438,2.3906247381227916,123.09986610621719,-123.74931433358789,-0.6494482273706979,-0.6494482273718993,1.0933034204013978,-0.6494482273718993,1.2014833572493444e-12
boundary_alpha_0_50,boundary: $\alpha=0.50$,boundary_outside_S2,0.5,True,dashed,85622,262.69474382507883,2.4168211062004716,131.34737191253942,-132.00337617653673,-0.6560042639973176,-0.6560042639988197,1.0992772867207963,-0.6560042639988197,1.5021317523178368e-12
boundary_alpha_0_50,boundary: $\alpha=0.50$,boundary_outside_S2,0.5,True,dashed,97446,280.290638113538,2.4430155768018507,140.145319056769,-140.80787844710753,-0.6625593903385152,-0.6625593903391002,1.1052184347000937,-0.6625593903391002,5.84976511674995e-13
boundary_alpha_0_50,boundary: $\alpha=0.50$,boundary_outside_S2,0.5,True,dashed,110903,299.0624344253691,2.46921035803616,149.53121721268454,-150.20033139902299,-0.6691141863384473,-0.669114186337862,1.1111278859870632,-0.669114186337862,5.853095785823825e-13
boundary_alpha_0_50,boundary: $\alpha=0.50$,boundary_outside_S2,0.5,True,dashed,126219,319.0892947127245,2.495406163236209,159.54464735636225,-160.22031621243656,-0.67566885607431,-0.6756688560753878,1.117006303302763,-0.6756688560753878,1.077804512306102e-12
boundary_alpha_0_50,boundary: $\alpha=0.50$,boundary_outside_S2,0.5,True,dashed,143649,340.4529326701956,2.521600317846134,170.2264663350978,-170.90868908943725,-0.682222754339449,-0.6822227543423997,1.1228535785769518,-0.6822227543423997,2.9506397325462785e-12
boundary_alpha_0_50,boundary: $\alpha=0.50$,boundary_outside_S2,0.5,True,dashed,163487,363.24512818039426,2.547795764436891,181.62256409019713,-182.31134073007578,-0.6887766398786539,-0.6887766398833574,1.12867084759838,-0.6887766398833574,4.703459843824476e-12
boundary_alpha_0_50,boundary: $\alpha=0.50$,boundary_outside_S2,0.5,True,dashed,186064,387.55959049619116,2.573990527165107,193.77979524809558,-194.475125287516,-0.695330039420412,-0.6953300394248456,1.1344581365491428,-0.6953300394248456,4.4335646265381e-12
boundary_alpha_0_50,boundary: $\alpha=0.50$,boundary_outside_S2,0.5,True,dashed,211759,413.498843687314,2.600185483479032,206.749421843657,-207.45130503590244,-0.7018831922454467,-0.7018831922493277,1.140216094317001,-0.7018831922493277,3.88100662718216e-12
boundary_alpha_0_50,boundary: $\alpha=0.50$,boundary_outside_S2,0.5,True,dashed,241003,441.1718062486018,2.6263809360184793,220.5859031243009,-221.29433931686705,-0.708436192566154,-0.7084361925695155,1.1459452290616858,-0.7084361925695155,3.361533273960049e-12
boundary_alpha_0_50,boundary: $\alpha=0.50$,boundary_outside_S2,0.5,True,dashed,274285,470.6932992594698,2.6525759469166443,235.3466496297349,-236.06163845284985,-0.7149888231149362,-0.7149888231201039,1.1516457673513685,-0.7149888231201039,5.167755112722716e-12
boundary_alpha_0_50,boundary: $\alpha=0.50$,boundary_outside_S2,0.5,True,dashed,312163,502.1871851743019,2.678770851661254,251.09359258715094,-251.81513377123682,-0.7215411840858792,-0.7215411840913998,1.1573182042250207,-0.7215411840913998,5.520583989948591e-12
boundary_alpha_0_50,boundary: $\alpha=0.50$,boundary_outside_S2,0.5,True,dashed,355273,535.7862531438458,2.7049664190025147,267.8931265719229,-268.62122005492483,-0.7280934830019419,-0.7280934830099948,1.1629631161396552,-0.7280934830099948,8.05289168681611e-12
boundary_alpha_0_50,boundary: $\alpha=0.50$,boundary_outside_S2,0.5,True,dashed,404335,571.62926788308,2.7311612243590555,285.81463394154,-286.5492793193695,-0.7346453778294517,-0.7346453778294633,1.1685805972116463,-0.7346453778294633,1.1546319456101628e-14
boundary_alpha_0_50,boundary: $\alpha=0.50$,boundary_outside_S2,0.5,True,dashed,460173,609.8676434070309,2.757356343573996,304.93382170351543,-305.6750188545446,-0.7411971510291551,-0.7411971510337028,1.1741712702101845,-0.7411971510337028,4.547695553469566e-12
boundary_alpha_0_50,boundary: $\alpha=0.50$,boundary_outside_S2,0.5,True,dashed,523722,650.6609079311911,2.7835514138244632,325.33045396559555,-326.07820269001064,-0.7477487244150893,-0.7477487244187351,1.1797354393728416,-0.7477487244187351,3.645750368264089e-12
boundary_alpha_0_50,boundary: $\alpha=0.50$,boundary_outside_S2,0.5,True,dashed,596048,694.1804366041447,2.8097468291541308,347.09021830207234,-347.8445185103683,-0.7543002082959447,-0.7543002082938127,1.1852735610723228,-0.7543002082938127,2.131961274187688e-12
boundary_alpha_0_50,boundary: $\alpha=0.50$,boundary_outside_S2,0.5,True,dashed,678361,740.6071759142043,2.835941883303292,370.30358795710214,-371.0644393941567,-0.7608514370545549,-0.760851437044472,1.1907858504582787,-0.760851437044472,1.0082934487343209e-11
boundary_alpha_0_50,boundary: $\alpha=0.50$,boundary_outside_S2,0.5,True,dashed,772041,790.1358696512198,2.8621368729104173,395.0679348256099,-395.8353373208157,-0.7674024952058289,-0.7674024951919847,1.1962727266201503,-0.7674024951919847,1.3844259072470777e-11
boundary_alpha_0_50,boundary: $\alpha=0.50$,boundary_outside_S2,0.5,True,dashed,878659,842.9743921569345,2.8883320998878195,421.48719607846726,-422.26114954639917,-0.7739534679319036,-0.7739534679213046,1.20173460046048,-0.7739534679213046,1.0598966149188982e-11
boundary_alpha_0_50,boundary: $\alpha=0.50$,boundary_outside_S2,0.5,True,dashed,1000000,899.3430654709598,2.914527161380421,449.6715327354799,-450.45203699905846,-0.780504263578564,-0.7805042635592118,1.2071717279203529,-0.7805042635592118,1.935218651993864e-11
